LncRNA	geneid
6p22lncRNAs	NA
7SK	125050
7SL	7SL,
91H	NA
91H	NA
91H	NA
91H	NA
AA174084	NA
AATBC	ENSG00000215458
AB019562	NA
AB019562	NA
AB073614	NA
AB073614	NA
AB073614	NA
AB073614	NA
AB073614	NA
AB073614	NA
AB074169	NA
AB074278	NA
AB209630	NA
AB209630	NA
AB209630	NA
AB209630	NA
ABHD11-AS1	NCRNA00035,
ABHD11-AS1	NCRNA00035,
ABHD11-AS1	NCRNA00035,
ABHD11-AS1	NCRNA00035,
ABHD11-AS1	NCRNA00035,
ABHD11-AS1	NCRNA00035,
ABHD11-AS1	NCRNA00035,
AC002519.6	ENSG00000261457
AC004166.7	STAG3L2P,
AC005550.4	MOX2,
AC007255.8	NA
AC007255.8	NA
AC007271.3	ENSG00000226925
AC007271.3	ENSG00000226925
AC007403.1	ENSG00000223859
AC008440.10	NA
AC009014.3	NR_024418
AC009014.3	NR_024418
AC009014.3	NR_024418
AC010761.9	ENSG00000265073
AC012065.7	ENSG00000279307
AC013264.2	NA
AC016735.2	ENSG00000233978
AC023115.3	ENSG00000236605
AC024560.2	ENSG00000249626
AC026166.2-001	ENSG00000233026
AC026166.2-001	ENSG00000233026
AC026904.1	NA
AC079776.2	ENSG00000250207
AC090952.4.1	ENSG00000234123
AC092171.4	ENSG00000272953
AC093818.1	NA
AC093850.2	NA
AC100830.4	NA
AC103563.9	NA
AC104699.1	ENSG00000224220
AC105461.1	NA
AC138128.1	NA
AC156455.1	NA
ACTN4	FSGS,
ADAMTS9-AS2	ENSG00000241684
ADAMTS9-AS2	ENSG00000241684
ADAMTS9-AS2	ENSG00000241684
ADAMTS9-AS2	ENSG00000241684
ADAMTS9-AS2	ENSG00000241684
ADAMTS9-AS2	ENSG00000241684
ADAMTS9-AS2	ENSG00000241684
ADARB2-AS1	ENSG00000205696
ADPGK-AS1	ENSG00000260898
AF070632	NA
AF075041	NA
AF086071	NA
AF086415	NA
AF088004	NA
AF113014	NA
AF116616	NA
AF118081	ENSG00000280023
AF119895	NA
AF251187	NA
AF268386	NTRKR3,
AF268386	NTRKR3,
AF339813	NA
AFAP1-AS1	AFAP1AS,
AFAP1-AS1	AFAP1AS,
AFAP1-AS1	AFAP1AS,
AFAP1-AS1	AFAP1AS,
AFAP1-AS1	AFAP1AS,
AFAP1-AS1	AFAP1AS,
AFAP1-AS1	AFAP1AS,
AFAP1-AS1	AFAP1AS,
AFAP1-AS1	AFAP1AS,
AFAP1-AS1	AFAP1AS,
AFAP1-AS1	AFAP1AS,
AFAP1-AS1	AFAP1AS,
AFAP1-AS1	AFAP1AS,
AFAP1-AS1	AFAP1AS,
AFAP1-AS1	AFAP1AS,
AFAP1-AS1	AFAP1AS,
AFAP1-AS1	AFAP1AS,
AFAP1-AS1	AFAP1AS,
AFAP1-AS1	AFAP1AS,
AFAP1-AS1	AFAP1AS,
AFAP1-AS1	AFAP1AS,
AFAP1-AS1	AFAP1AS,
AFAP1-AS1	AFAP1AS,
AFAP1-AS1	AFAP1AS,
AFAP1-AS1	AFAP1AS,
AFAP1-AS1	AFAP1AS,
AFAP1-AS1	AFAP1AS,
AFAP1-AS1	AFAP1AS,
AFAP1-AS1	AFAP1AS,
AFAP1-AS1	AFAP1AS,
AFAP1-AS1	AFAP1AS,
AFAP1-AS1	AFAP1AS,
AFAP1-AS1	AFAP1AS,
AFAP1-AS1	AFAP1AS,
AFAP1-AS1	AFAP1AS,
AFAP1-AS1	AFAP1AS,
AFAP1-AS1	AFAP1AS,
AGAP2-AS1	100130776
AGAP2-AS1	100130776
AGAP2-AS1	100130776
AGAP2-AS1	100130776
AI364715	NA
AK001058	NA
AK001091	MGC33602
AK001796	AK001796,
AK001796	AK001796,
AK001796	AK001796,
AK001796	AK001796,
AK001796	AK001796,
AK001796	AK001796,
AK001796	AK001796,
AK001796	AK001796,
AK021443	LSH,
AK021443	LSH,
AK021444	OSF2,
AK021444	OSF2,
AK021444	OSF2,
AK021570	NA
AK021804	NA
AK022029	NA
AK022159	NA
AK022798	FLJ25078
AK022971	OATP-RP4,
AK023096	PC6,
AK023391	NA
AK023507	NA
AK023948	PTCSC
AK023948	PTCSC
AK024118	NA
AK024171	NA
AK024584	NA
AK024898	ASAH3L
AK025180	NA
AK025743	ENSG00000254290
AK027145	NA
AK027193	NA
AK027294	WISP1c,
AK054908	SNORA43
AK055347	ENSG00000188859
AK056988	NA
AK057054	NA
AK057709	ENSG00000249346
AK057709	ENSG00000249346
AK090603	647946
AK093407	NA
AK093543	NA
AK093735	NPHP18,
AK09398	NA
AK094838	NA
AK094982	NA
AK095147	NA
AK096174	NA
AK096262	NA
AK096725	ENSG00000257702
AK096780	NA
AK097500	ENSG00000272975
AK123263	NA
AK123408	NA
AK123657	NA
AK123765	ZGRF6
AK123790	NA
AK124454	NA
AK124936	ENSG00000189157
AK124939	NA
AK126698	NA
AK126698	NA
AK127565	ENSG00000266256
AK129685	NA
AK130076	NA
AK130275	ENSG00000189223
AK130275	ENSG00000189223
AK130977	NA
AK294004	220064
AK307796	SENEX,
AK307796	SENEX,
AKR7L	AFB1-AR
AL359062	1295
AL359062	1295
AL365371	FKBP65,
AL389956	NA
AL832444	NA
AL833160	NA
AL928768.3	NA
ANAC	NA
ANRASSF1	102060282
ANRASSF1	102060282
ANRASSF1	102060282
ANRASSF1	102060282
ANRIL	CDKN2B-AS,
ANRIL	CDKN2B-AS,
ANRIL	CDKN2B-AS,
ANRIL	CDKN2B-AS,
ANRIL	CDKN2B-AS,
ANRIL	CDKN2B-AS,
ANRIL	CDKN2B-AS,
ANRIL	CDKN2B-AS,
ANRIL	CDKN2B-AS,
ANRIL	CDKN2B-AS,
ANRIL	CDKN2B-AS,
ANRIL	CDKN2B-AS,
ANRIL	CDKN2B-AS,
ANRIL	CDKN2B-AS,
ANRIL	CDKN2B-AS,
ANRIL	CDKN2B-AS,
ANRIL	CDKN2B-AS,
ANRIL	CDKN2B-AS,
ANRIL	CDKN2B-AS,
ANRIL	CDKN2B-AS,
ANRIL	CDKN2B-AS,
ANRIL	CDKN2B-AS,
ANRIL	CDKN2B-AS,
ANRIL	CDKN2B-AS,
ANRIL	CDKN2B-AS,
ANRIL	CDKN2B-AS,
ANRIL	CDKN2B-AS,
ANRIL	CDKN2B-AS,
ANRIL	CDKN2B-AS,
ANRIL	CDKN2B-AS,
ANRIL	CDKN2B-AS,
ANRIL	CDKN2B-AS,
ANRIL	CDKN2B-AS,
ANRIL	CDKN2B-AS,
ANRIL	CDKN2B-AS,
ANRIL	CDKN2B-AS,
ANRIL	CDKN2B-AS,
ANRIL	CDKN2B-AS,
ANRIL	CDKN2B-AS,
ANRIL	CDKN2B-AS,
ANRIL	CDKN2B-AS,
ANRIL	CDKN2B-AS,
ANRIL	CDKN2B-AS,
ANRIL	CDKN2B-AS,
ANRIL	CDKN2B-AS,
ANRIL	CDKN2B-AS,
ANRIL	CDKN2B-AS,
ANRIL	CDKN2B-AS,
ANRIL	CDKN2B-AS,
ANRIL	CDKN2B-AS,
ANRIL	CDKN2B-AS,
ANRIL	CDKN2B-AS,
ANRIL	CDKN2B-AS,
ANRIL	CDKN2B-AS,
ANRIL	CDKN2B-AS,
ANRIL	CDKN2B-AS,
ANRIL	CDKN2B-AS,
ANRIL	CDKN2B-AS,
ANRIL	CDKN2B-AS,
ANRIL	CDKN2B-AS,
ANRIL	CDKN2B-AS,
ANRIL	CDKN2B-AS,
ANRIL	CDKN2B-AS,
ANRIL	CDKN2B-AS,
ANRIL	CDKN2B-AS,
ANRIL	CDKN2B-AS,
ANRIL	CDKN2B-AS,
anti-NOS2A	INOS,
anti-NOS2A	INOS,
AOC4P	UPAT
AOC4P	UPAT
AOC4P	UPAT
AOC4P	UPAT
AP000221.1	ENSG00000229962
AP000439.3	ENSG00000255980
AP000459	NA
AP000769.1	ENSG00000173727
AP001439.2	ENSG00000224541
AP5M1	MUDENG,
AP5M1	MUDENG,
APTR	100505854
ARLNC1	100996425
ARNILA	NA
ASAP1-IT1	ASAP1IT,
ASAP1-IT1	ASAP1IT,
ASAP1-IT1	ASAP1IT,
ASAP1-IT1	ASAP1IT,
ASBEL	ENSG00000280594
ASBEL	ENSG00000280594
ASHGA5P014130	FAM7A1
ASHGA5P014130	FAM7A2
ASHGA5P014632	NA
ASHGA5P014632	NA
ASHGA5P018902	C17orf76-AS1,
ASHGA5P018902	C17orf76-AS1,
ASHGA5P018902	C17orf76-AS1,
ASHGA5P022276	NA
ASHGA5P028603	NA
ASHGA5P036884	LINC00065,
ASHGA5P039672	NA
ASHGA5P043753	NA
ASHGA5P051732	ENSG00000243926
ASK00420	NA
ASLNC00339	NA
ASLNC02525	NA
ASO1937	NA
ASO3690	NA
AS-RBM15	ENSG00000227963
AT102202	NA
ATF3-008	NA
AWPPH	NA
AWPPH	NA
AX746718	NA
AX747207	NA
AX748340	NA
AX800134	NA
AY129027	401561
BA318C17.1	NCRNA00186
BACE1-AS	BACE1AS,
BACE1-AS	BACE1AS,
BAIAP2-AS1	ENSG00000226137
BALR-2	NA
BALR-2	NA
BALR-6	NA
BANCR	100885775
BANCR	100885775
BANCR	100885775
BANCR	100885775
BANCR	100885775
BANCR	100885775
BANCR	100885775
BANCR	100885775
BANCR	100885775
BANCR	100885775
BANCR	100885775
BANCR	100885775
BANCR	100885775
BANCR	100885775
BANCR	100885775
BANCR	100885775
BANCR	100885775
BANCR	100885775
BANCR	100885775
BANCR	100885775
BANCR	100885775
BANCR	100885775
BANCR	100885775
BANCR	100885775
BANCR	100885775
BANCR	100885775
BANCR	100885775
BANCR	100885775
BANCR	100885775
BANCR	100885775
BANCR	100885775
BC002350	NA
BC002811	NA
BC003519	NA
BC005232	ENSG00000152465
BC005927	NA
BC008363	ENSG00000250682
BC011663	NA
BC014579	NA
BC015134	THBS-1,
BC016787	ENSG00000234264
BC016831	NA
BC017743	NA
BC017743	NA
BC023629	NA
BC029135	KSP37
BC029135	KSP37
BC031319	NA
BC032020	ENSG00000226803
BC032469	NA
BC032469	NA
BC036599	GUC1A2
BC038366	ENSG00000225611
BC038580	ENSG00000230836
BC039678	NA
BC040572	NA
BC040587	TCONS_00005428
BC040587	TCONS_00005428
BC040587	TCONS_00005428
BC041455	ENSG00000235023
BC041455	ENSG00000225431
BC041623	HLA-HA2,
BC041938	NA
BC043430	NA
BC047917	TMEM179A
BC050642	HEL-S-17,
BC064338	NA
BC070168	TM4SF3
BC070168	TM4SF3
BC087858	NA
BC087858	NA
BC091525	NA
BC200	BC200a,
BC200	BC200a,
BC200	BC200a,
BC200	BC200a,
BC200	BC200a,
BC200	BC200a,
BC200	BC200a,
BC200	BC200a,
BC200	BC200a,
BC200	BC200a,
BC200	BC200a,
BC200	BC200a,
BC200	BC200a,
BC200	BC200a,
BC200	BC200a,
BC200	BC200a,
BC200	BC200a,
BC200	BC200a,
BC200	BC200a,
BC200	BC200a,
BCAR4	ENSG00000262117
BCAR4	ENSG00000262117
BCAR4	ENSG00000262117
BCAR4	ENSG00000262117
BCAR4	ENSG00000262117
BCAR4	ENSG00000262117
BCAR4	ENSG00000262117
BCAR4	ENSG00000262117
BCAR4	ENSG00000262117
BCAR4	ENSG00000262117
BCAR4	ENSG00000262117
BCAR4	ENSG00000262117
BCAR4	ENSG00000262117
BCAR4	ENSG00000262117
BCAR4	ENSG00000262117
BDLNR	NA
BDNF-AS	BDNF,
BDNF-AS	BDNF,
BDNF-AS	BDNF,
BE244504	NA
BE503655	NA
BF2-AS1	NA
BG188549	NA
BG981369	NA
BISPR	ENSG00000282851
BLACAT1	UBC1,
BLACAT1	UBC1,
BLACAT1	UBC1,
BLACAT1	UBC1,
BLACAT1	UBC1,
BLACAT1	UBC1,
BLACAT1	UBC1,
BLACAT1	linc-UBC1,
BLACAT1	linc-UBC1,
BLACAT1	linc-UBC1,
BLACAT1	linc-UBC1,
BLACAT1	linc-UBC1,
BM742401	locus5689
BM742401	locus5689
BOKAS	BOKAS,
BOKAS	BOKAS,
BORG	NA
BX357664	NA
BX357664	NA
BX647187	NA
BX648207	NA
BX648695	ENSG00000224897
BX649059	NA
BX649059	NA
C12orf47	51275
C14orf132	56967
C14orf132	56967
C20orf200	NCRNA00335
C21orF96	NA
C2dat1	NA
C5orf66-AS1	Epist
C5orf66-AS1	Epist
C5orf66-AS1	Epist
C5orf66-AS1	Epist
C5orf66-AS1	Epist
C5orf66-AS1	Epist
CACNA1C-AS3	ENSG00000256769
CADM1-AS1	NA
CAHM	100526820
CAI2	NA
CANT1	DBQD1,
CAR10	CAR10,
CAR10	CAR10,
CAR10	CAR10,
CASC11	LINC00990,
CASC11	LINC00990,
CASC15	lnc-SOX4-1
CASC15	lnc-SOX4-1
CASC15	lnc-SOX4-1
CASC15	lnc-SOX4-1
CASC15	lnc-SOX4-1
CASC15	lnc-SOX4-1
CASC15	lnc-SOX4-1
CASC15	lnc-SOX4-1
CASC15	lnc-SOX4-1
CASC15	lnc-SOX4-1
CASC2	255082
CASC2	255082
CASC2	255082
CASC2	255082
CASC2	255082
CASC2	255082
CASC2	255082
CASC2	255082
CASC2	255082
CASC2	255082
CASC2	255082
CASC2	255082
CASC2	255082
CASC2	255082
CASC2	255082
CASC2	255082
CASC2	255082
CASC2	255082
CASC2	255082
CASC2	255082
CASC2	255082
CASC2	255082
CASC2	255082
CASC2	255082
CASC2	255082
CASC2	255082
CASC2	255082
CASC2	255082
CASC2	255082
CASC2	255082
CASC7	NA
CASC8	candidate
CASC9	ESSCAL1,
CASC9	ESSCAL1,
CASC9	ESSCAL1,
CASC9	ESSCAL1,
CASC9	ESSCAL1,
CASC9	ESSCAL1,
CASC9	ESSCAL1,
CASC9	ESSCAL1,
CASC9	ESSCAL1,
CASC9	ESSCAL1,
CASC9	ESSCAL1,
CASC9	ESSCAL1,
CASC9	ESSCAL1,
CASC9.5	NA
CASIMO1	NA
CASP5	ENSG00000137757
CAT104	NA
CAT104	NA
CAT1297	NA
CAT1647	ENSG00000257636
Cat2184.4	NA
CAT266	NA
CCAL	NA
CCAL	NA
CCAL	NA
CCAL	NA
CCAL	NA
CCAL	NA
CCAT1	onco-lncRNA-40
CCAT1	onco-lncRNA-40
CCAT1	onco-lncRNA-40
CCAT1	onco-lncRNA-40
CCAT1	onco-lncRNA-40
CCAT1	onco-lncRNA-40
CCAT1	onco-lncRNA-40
CCAT1	onco-lncRNA-40
CCAT1	onco-lncRNA-40
CCAT1	onco-lncRNA-40
CCAT1	onco-lncRNA-40
CCAT1	onco-lncRNA-40
CCAT1	onco-lncRNA-40
CCAT1	onco-lncRNA-40
CCAT1	onco-lncRNA-40
CCAT1	onco-lncRNA-40
CCAT1	onco-lncRNA-40
CCAT1	onco-lncRNA-40
CCAT1	onco-lncRNA-40
CCAT1	onco-lncRNA-40
CCAT1	onco-lncRNA-40
CCAT1	onco-lncRNA-40
CCAT1	onco-lncRNA-40
CCAT1	onco-lncRNA-40
CCAT1	onco-lncRNA-40
CCAT1	onco-lncRNA-40
CCAT1	onco-lncRNA-40
CCAT1	onco-lncRNA-40
CCAT1	onco-lncRNA-40
CCAT1	onco-lncRNA-40
CCAT1	onco-lncRNA-40
CCAT1	onco-lncRNA-40
CCAT1	onco-lncRNA-40
CCAT1	onco-lncRNA-40
CCAT1	onco-lncRNA-40
CCAT1	onco-lncRNA-40
CCAT1	onco-lncRNA-40
CCAT1	onco-lncRNA-40
CCAT1	onco-lncRNA-40
CCAT1	onco-lncRNA-40
CCAT1	onco-lncRNA-40
CCAT1	onco-lncRNA-40
CCAT1	onco-lncRNA-40
CCAT1	onco-lncRNA-40
CCAT1	onco-lncRNA-40
CCAT1	onco-lncRNA-40
CCAT1	onco-lncRNA-40
CCAT1	onco-lncRNA-40
CCAT1	onco-lncRNA-40
CCAT1	onco-lncRNA-40
CCAT1	onco-lncRNA-40
CCAT1	onco-lncRNA-40
CCAT1	onco-lncRNA-40
CCAT1	onco-lncRNA-40
CCAT1	onco-lncRNA-40
CCAT1	onco-lncRNA-40
CCAT1	onco-lncRNA-40
CCAT1-L	NA
CCAT2	NCCP1
CCAT2	NCCP1
CCAT2	NCCP1
CCAT2	NCCP1
CCAT2	NCCP1
CCAT2	NCCP1
CCAT2	NCCP1
CCAT2	NCCP1
CCAT2	NCCP1
CCAT2	NCCP1
CCAT2	NCCP1
CCAT2	NCCP1
CCAT2	NCCP1
CCAT2	NCCP1
CCAT2	NCCP1
CCAT2	NCCP1
CCAT2	NCCP1
CCAT2	NCCP1
CCAT2	NCCP1
CCAT2	NCCP1
CCAT2	NCCP1
CCAT2	NCCP1
CCAT2	NCCP1
CCAT2	NCCP1
CCAT2	NCCP1
CCAT2	NCCP1
CCAT2	NCCP1
CCAT2	NCCP1
CCAT2	NCCP1
CCAT2	NCCP1
CCAT2	NCCP1
CCAT2	NCCP1
CCAT2	NCCP1
CCAT2	NCCP1
CCAT2	NCCP1
CCAT2	NCCP1
CCAT2	NCCP1
CCAT2	NCCP1
CCAT2	NCCP1
CCAT2	NCCP1
CCAT2	NCCP1
CCAT2	NCCP1
CCAT2	NCCP1
CCAT2	NCCP1
CCAT2	NCCP1
CCAT4	NA
CCAT6	NA
CCAT7	101926987
CCAT8	NA
CCDC26	137196
CCDC26	137196
CCDC26	137196
CCDC26	137196
CCHE1	lncRNA-CCHE1
CCHE1	lncRNA-CCHE1
CCHE1	lncRNA-CCHE1
CCHE1	lncRNA-CCHE1
CCHE1	lncRNA-CCHE1
CCHE1	lncRNA-CCHE1
CCHE1	lncRNA-CCHE1
CCND2-AS1	ENSG00000255920
CCND2-AS1	ENSG00000255920
CEBPA-AS1	ENSG00000267296
CEBPA-AS1	ENSG00000267296
CES1P1-001	CES1A3,
CFLAR-AS1	65072
CHIAP2	ENSG00000203878
CHIAP2	ENSG00000203878
CHRF	NA
CILA1	NA
CNALPTC1	NA
cox-2	NA
CPS1-IT1	CPS1IT,
CPS1-IT1	CPS1IT,
CPS1-IT1	CPS1IT,
CPS1-IT1	CPS1IT,
CPS1-IT1	CPS1IT,
CPS1-IT1	CPS1IT,
CPS1-IT1	CPS1IT,
CPSF6	Polyadenylation
CR592608	NA
CR593775	NA
CR594506	NA
CR610499	NA
CR612213	NA
CR613944	NA
CR619813	NA
CRALA	NA
CRCAL-3	NA
CRCAL-4	NA
CREM	ICER,
CRNDE	LINC00180,
CRNDE	LINC00180,
CRNDE	LINC00180,
CRNDE	LINC00180,
CRNDE	LINC00180,
CRNDE	LINC00180,
CRNDE	LINC00180,
CRNDE	LINC00180,
CRNDE	LINC00180,
CRNDE	LINC00180,
CRNDE	LINC00180,
CRNDE	LINC00180,
CRNDE	LINC00180,
CRNDE	LINC00180,
CRNDE	LINC00180,
CRNDE	LINC00180,
CRNDE	LINC00180,
CRNDE	LINC00180,
CRNDE	LINC00180,
CRNDE	LINC00180,
CRNDE	LINC00180,
CRNDE	LINC00180,
CRNDE	LINC00180,
CRNDE	LINC00180,
CRNDE	LINC00180,
CRNDE	LINC00180,
CRNDE	LINC00180,
CRNDE	LINC00180,
CRNDE	LINC00180,
CRNDE	LINC00180,
CRNDE	LINC00180,
CRNDE	LINC00180,
CRNDE	LINC00180,
CRNDE	LINC00180,
CRNDE	LINC00180,
CRNDE	LINC00180,
CRNDE	LINC00180,
CRNDE	LINC00180,
CRNDE	LINC00180,
CRNDE	LINC00180,
CRNDE	LINC00180,
CRNDE	LINC00180,
CRNDE	LINC00180,
CRNDE	LINC00180,
CRNDE	LINC00180,
CRNDE	LINC00180,
CRYM-AS1	ENSG00000189149
CTA	ENSG00000253603
CTA-134P22.2	100131825
CTA-331P3.1	NA
CTA-363E6.2	NA
CTB-167B5.2	NA
CTB-89H12.4	NA
CTBP	NA
CTBP1-AS	285463
CTC-338M12.3	ENSG00000248275
CTC-338M12.3	ENSG00000248275
CTC-338M12.5	NA
CTC-501O10.1	NA
CTD-2020K17.1	NA
CTD-2263F21.1	NA
CTD-2541M15	NA
CTD-2541M15	NA
CTD-2574D22.4	NA
CTD-2589M5.4	NA
CTD-3193O13.11	NA
CTNNAP1	NA
D16366	G0S3,
DACOR1	TCONS_00023265
DANCR	ANCR,
DANCR	ANCR,
DANCR	ANCR,
DANCR	ANCR,
DANCR	ANCR,
DANCR	ANCR,
DANCR	ANCR,
DANCR	ANCR,
DANCR	ANCR,
DANCR	ANCR,
DANCR	ANCR,
DANCR	ANCR,
DANCR	ANCR,
DANCR	ANCR,
DANCR	ANCR,
DANCR	ANCR,
DANCR	ANCR,
DANCR	ANCR,
DANCR	ANCR,
DANCR	ANCR,
DANCR	ANCR,
DANCR	ANCR,
DANCR	ANCR,
DANCR	ANCR,
DANCR	ANCR,
DANCR	ANCR,
DAPK1	ROCO3
DB327252	NA
DBCCR1-003	DBCCR1,
DBH-AS1	138948
DBH-AS1	138948
DBH-AS1	138948
DDIT4	REDD-1,
DDX11-AS1	100506660
DDX6P	DDX6P,
DGCR5	NCRNA00037
DGCR5	NCRNA00037
DGCR5	NCRNA00037
DGCR5	NCRNA00037
DGCR5	NCRNA00037
DGCR5	NCRNA00037
DGCR5	NCRNA00037
DGCR5	NCRNA00037
DGCR9	ENSG00000273032
DICER1-AS1	ENSG00000235706
DJ974N19.1	NA
DKFZP434K028	NA
DKFZP434K028	NA
DLEU2	BCMS1,
DLEU2	BCMS1,
DLEU2	BCMS1,
DLEU2	BCMS1,
DLEU2	BCMS1,
DLEU2	BCMS1,
DLEU2	BCMS1,
DLEU2	BCMS1,
DLEU2	BCMS1,
DLEU2	BCMS1,
DLEU2	BCMS1,
DLEU2	BCMS1,
DLEU2	BCMS1,
DLEU2	BCMS1,
DLEU2	BCMS1,
DLEU2	BCMS1,
DLEU2	BCMS1,
DLEU7-AS1	ENSG00000237152
DLG2AS	DLG2AS,
DLX6-AS1	DLX6AS,
DLX6-AS1	DLX6AS,
DLX6-AS1	DLX6AS,
DLX6-AS1	DLX6AS,
DMTF1v4	NA
DNM3OS	MIR199A2HG
DNM3OS	MIR199A2HG
DPP10-AS1	389023
DPP10-AS1	389023
DPP10-AS1	389023
DQ192290	LQT5,
DQ786243	NA
DQ786243	NA
DQ786243	NA
DQ786243	NA
DQ786243	NA
DRAIC	ENSG00000245750
DREH	NA
DSCAM-AS1	100506492
DSCAM-AS1	100506492
DSCAM-AS1	100506492
DSCAM-AS1	100506492
DUSP	NA
DUXAP10	NA
DUXAP10	NA
DUXAP10	NA
DUXAP10	NA
DUXAP10	NA
DUXAP10	NA
DUXAP8	ENSG00000206195
DUXAP8	ENSG00000206195
DUXAP8	ENSG00000206195
DUXAP8	ENSG00000206195
DUXAP8	ENSG00000206195
DUXAP8	ENSG00000206195
DUXAP8	ENSG00000206195
ecCEBPA	NA
ecCEBPA	NA
ECONEXIN	NA
EFNA3	EPLG3,
EGFLAM-AS1	ENSG00000249491
EGFR-AS1	ENSG00000224057
EGFR-AS1	ENSG00000224057
EGOT	NCRNA00190
EGOT	NCRNA00190
EGOT	NCRNA00190
EGOT	NCRNA00190
EGOT	NCRNA00190
EGOT	NCRNA00190
EINCR1	NA
ENSG00000177133	RP1-163G9.1
ENSG00000177133	RP1-163G9.1
ENSG00000177133	RP1-163G9.1
ENSG00000227588	ENSG00000227588
ENSG00000229703	ENSG00000229703
ENSG00000232104	101929302
ENSG00000233633	ENSG00000233633
ENSG00000235158	ENSG00000235158
ENSG00000235427	ENSG00000235427
ENSG00000244020	NA
ENSG00000244649	ENSG00000244649
ENSG00000244649	ENSG00000244649
ENSG00000260910	ENSG00000260910
ENSG00000261684	ENSG00000261684
ENSG00000261924	NA
ENST00000318333	NA
ENST00000374520	RPL12-L,
ENST00000381279	ENSG00000205695
ENST00000395084	NA
ENST00000398460	NA
ENST00000403258	NA
ENST00000411660	NA
ENST00000411815	NA
ENST00000413430	ENSG00000235904
ENST00000413580	ENSG00000173868
ENST00000414223	NA
ENST00000415582	ENSG00000234678
ENST00000415964	NA
ENST00000418077	NA
ENST00000419650	NA
ENST00000420168	ENSG00000226419
ENST00000420902.1	NA
ENST00000421965	NA
ENST00000422362	ENSG00000236339
ENST00000422494	NA
ENST00000422494	NA
ENST00000423539	ENSG00000225889
ENST00000424635	ENSG00000231882
ENST00000425785	ENSG00000228057
ENST00000426615	ENSG00000226363
ENST00000426615	ENSG00000226363
ENST00000427243	NA
ENST00000429469	NA
ENST00000430751.1	NA
ENST00000434223	ENSG00000236914
ENST00000434223	ENSG00000236914
ENST00000434951	NA
ENST00000435885	NA
ENST00000436132.1	ENSG00000244125
ENST00000436616	NA
ENST00000436665	ENSG00000175772
ENST00000438347	NA
ENST00000438347	NA
ENST00000438550	NA
ENST00000438684	151507
ENST00000438685	ENSG00000233716
ENST00000438686	NA
ENST00000439577	NA
ENST00000440498	ENSG00000235529
ENST00000440512.1	ENSG00000233705
ENST00000440518	NA
ENST00000441841	ENSG00000236091
ENST00000443373	ENSG00000236481
ENST00000445734	ENSG00000227988
ENST00000447565	NA
ENST00000449694	NA
ENST00000451515	NA
ENST00000453068	613126
ENST00000453324	SDHALP2
ENST00000455912	ENSG00000231537
ENST00000455974	ENSG00000236452
ENST00000456007	ENSG00000223951
ENST00000456185	NA
ENST00000456944	NA
ENST00000457390	NA
ENST00000457457	ENSG00000224739
ENST00000457645	NA
ENST00000457799	FCRH3,
ENST00000457799	FCRH3,
ENST00000458468	NA
ENST00000460164	NA
ENST00000460497	NA
ENST00000460876	NA
ENST00000464359	ENSG00000241469
ENST00000464359	ENSG00000241469
ENST00000466677	ENSG00000243836
ENST00000468639	LPC1
ENST00000468960	NA
ENST00000476909	NA
ENST00000480032	BFIS3,
ENST00000480669	NA
ENST00000480739	NA
ENST00000486254	8502
ENST00000486541	bHLHb25
ENST00000497139	VEGF,
ENST00000497139	VEGF,
ENST00000498296	NA
ENST00000501583	NA
ENST00000502076	NA
ENST00000502804	GRO1P,
ENST00000503710	NA
ENST00000503723	ENSG00000250472
ENST00000503812	NA
ENST00000503938	ENSG00000246095
ENST00000504145	NA
ENST00000507437	ENSG00000250896
ENST00000507950	ENSG00000250529
ENST00000508827	NA
ENST00000509150	BCPM,
ENST00000513638	ENSG00000225492
ENST00000514571	ENSG00000248309
ENST00000515084	LincRNA-ENST00000515084,
ENST00000515275	Ende,
ENST00000518554	HSPC064,
ENST00000520186	150726
ENST00000521815	LINC01245
ENST00000521815	LINC01245
ENST00000529019	OBCAM,
ENST00000531193	NA
ENST00000531702.1	NA
ENST00000532691	GPCIII,
ENST00000535511	NA
ENST00000539009	NA
ENST00000539535	NA
ENST00000539653.1	NA
ENST00000540136	NA
ENST00000544591	ENSG00000256039
ENST00000547415	4857
ENST00000547547	NA
ENST00000547963	onco-lncRNA-32
ENST00000547963	onco-lncRNA-32
ENST00000548900.1	NA
ENST00000551152	NA
ENST00000552364	ENSG00000257495
ENST00000553559	LINC00063,
ENST00000554055.1	NA
ENST00000559148	NA
ENST00000559981	ENSG00000054690
ENST00000562112	NAP2,
ENST00000564977	NA
ENST00000565617	NA
ENST00000565929	NA
ENST00000566575	NA
ENST00000568031	NA
ENST00000569946	NA
ENST00000570022	NA
ENST00000570282	NA
ENST00000572284.1	NA
ENST00000576810	NA
ENST00000579363	ENSG00000205312
ENST00000584612	NA
ENST00000596492	SIGLEC2
ENST01108	NA
ENST457720	NA
EPB41L4A-AS2	ENSG00000278921
EPB41L4A-AS2	ENSG00000278921
EPEL	NA
EPIC1	NA
ERIC	LINC01130,
ERICH1-AS1	DAP2,
ESCCAL-5	NA
ESRPS-AS	NA
EVI1	EVI1,
EWSAT1	NCRNA00277,
EWSAT1	NCRNA00277,
EWSAT1	NCRNA00277,
EWSAT1	NCRNA00277,
EWSAT1	NCRNA00277,
EWSAT1	NCRNA00277,
EWSAT1	NCRNA00277,
EZR-AS1	ENSG00000233893
F11-AS1	ENSG00000251165
FABP5P3	ENSG00000241735
FAL1	LINC00568,
FAL1	LINC00568,
FAL1	LINC00568,
FAL1	LINC00568,
FAL1	LINC00568,
FAL1	LINC00568,
FAL1	LINC00568,
FAL1	LINC00568,
FAL1	LINC00568,
FAL1	LINC00568,
FAL1	LINC00568,
FAL1	LINC00568,
FAL1	LINC00568,
FAL1	LINC00568,
FAL1	LINC00568,
FAL1	LINC00568,
FAL1	LINC00568,
FAL1	LINC00568,
FAL1	LINC00568,
FAL1	LINC00568,
FAM212B-AS1	ENSG00000227811
FAM215A	C17orf88,
FAM83H-AS1	100128338
FAM83H-AS1	100128338
FAM83H-AS1	100128338
FAM83H-AS1	100128338
FAM83H-AS1	100128338
FAM99A	ENSG00000205866
FAS-AS1	FASAS,
FAS-AS1	FASAS,
FBXL19-AS1	ENSG00000260852
FENDRR	TCONS_00024240,
FENDRR	TCONS_00024240,
FENDRR	TCONS_00024240,
FENDRR	TCONS_00024240,
FENDRR	TCONS_00024240,
FENDRR	TCONS_00024240,
FENDRR	TCONS_00024240,
FENDRR	TCONS_00024240,
FENDRR	TCONS_00024240,
FENDRR	TCONS_00024240,
FENDRR	TCONS_00024240,
FER1L4	NA
FER1L4	NA
FER1L4	NA
FER1L4	NA
FER1L4	NA
FER1L4	NA
FER1L4	NA
FER1L4	NA
FER1L4	NA
FER1L4	NA
FEZF1-AS1	ENSG00000230316
FEZF1-AS1	ENSG00000230316
FEZF1-AS1	ENSG00000230316
FEZF1-AS1	ENSG00000230316
FEZF1-AS1	ENSG00000230316
FEZF1-AS1	ENSG00000230316
FEZF1-AS1	ENSG00000230316
FEZF1-AS1	ENSG00000230316
FEZF1-AS1	ENSG00000230316
FEZF1-AS1	ENSG00000230316
FEZF1-AS1	ENSG00000230316
FEZF1-AS1	ENSG00000230316
FEZF1-AS1	ENSG00000230316
FEZF1-AS1	ENSG00000230316
FEZF-AS1	NA
FGF14-AS2	ENSG00000272143
FGFR3-AS1	NA
FGFR3-AS1	NA
FGFR3-AS1	NA
FILNC1	ENSG00000231426
FLJ22447	NA
FLVCR1-AS1	ENSG00000198468
FN1	ENSG00000115414
FOXC2-AS1	103752587
FOXC2-AS1	103752587
FOXC2-AS1	103752587
FOXC2-AS1	103752587
FOXC2-AS1	103752587
FOXCUT	TCONS_00011636
FOXCUT	TCONS_00011636
FOXCUT	TCONS_00011636
FOXD2-AS1	ENSG00000237424
FOXD2-AS1	ENSG00000237424
FOXD2-AS1	ENSG00000237424
FOXD2-AS1	ENSG00000237424
FOXD2-AS1	ENSG00000237424
FOXD2-AS1	ENSG00000237424
FOXD2-AS1	ENSG00000237424
FOXD2-AS1	ENSG00000237424
FOXD3-AS1	100996301
FOXD3-AS1	100996301
FR0257520	NA
FR0348383	NA
FR165245	NA
FR302050	NA
FRLnc1	NA
FRLnc1	NA
FRMD6-AS1	145438
FTH1P3	FTHL3P
FTH1P3	FTHL3P
FTH1P3	ENSG00000213453
FTX	MIR374AHG,
FTX	MIR374AHG,
FTX	MIR374AHG,
FTX	MIR374AHG,
FTX	MIR374AHG,
FTX	MIR374AHG,
FTX	MIR374AHG,
FTX	MIR374AHG,
FTX	MIR374AHG,
FUNDC2P4	ENSG00000227009
FW340058	NA
GACAT3	lncRNA-AC130710
GACAT3	lncRNA-AC130710
GACAT3	lncRNA-AC130711
GACAT3	lncRNA-AC130710
GACAT3	lncRNA-AC130712
GACAT3	lncRNA-AC130710
GADD45G	DDIT2,
GADD45G	DDIT2,
GALNT5	ENSG00000136542
GAPLINC	100505592
GAPLINC	100505592
GAPLINC	100505592
GAPLINC	100505592
GAPLINC	100505592
GAPLINC	100505592
GAS5	SNHG2
GAS5	SNHG2,
GAS5	SNHG2,
GAS5	SNHG2,
GAS5	SNHG2,
GAS5	SNHG2,
GAS5	SNHG2,
GAS5	SNHG2,
GAS5	SNHG2,
GAS5	SNHG2,
GAS5	SNHG2,
GAS5	SNHG2,
GAS5	SNHG2,
GAS5	SNHG2,
GAS5	SNHG2,
GAS5	SNHG2,
GAS5	SNHG2,
GAS5	SNHG2,
GAS5	SNHG2,
GAS5	SNHG2,
GAS5	SNHG2,
GAS5	SNHG2,
GAS5	SNHG2,
GAS5	SNHG2,
GAS5	SNHG2,
GAS5	SNHG2,
GAS5	SNHG2,
GAS5	SNHG2,
GAS5	SNHG2,
GAS5	SNHG2,
GAS5	SNHG2,
GAS5	SNHG2,
GAS5	SNHG2,
GAS5	SNHG2,
GAS5	SNHG2,
GAS5	SNHG2,
GAS5	SNHG2,
GAS5	SNHG2,
GAS5	SNHG2,
GAS5	SNHG2,
GAS5	SNHG2,
GAS5	SNHG2,
GAS5	SNHG2,
GAS5	SNHG2,
GAS5	SNHG2,
GAS5	SNHG2,
GAS5	SNHG2,
GAS5	SNHG2,
GAS5	SNHG2,
GAS5	SNHG2,
GAS5	SNHG2,
GAS5	SNHG2,
GAS5	SNHG2,
GAS5	SNHG2,
GAS5	SNHG2,
GAS5	SNHG2,
GAS5	SNHG2,
GAS5	SNHG2,
GAS5	SNHG2,
GAS5	SNHG2,
GAS5	SNHG2,
GAS5	SNHG2,
GAS5	SNHG2,
GAS5	SNHG2,
GAS5	SNHG2,
GAS5	SNHG2,
GAS5	SNHG2,
GAS5	SNHG2,
GAS5	SNHG2,
GAS5	SNHG2,
GAS5	SNHG2,
GAS5	SNHG2,
GAS5	SNHG2,
GAS5	SNHG2,
GAS5	SNHG2,
GAS5	SNHG2,
GAS5	SNHG2,
GAS5	SNHG2,
GAS5	SNHG2,
GAS5	SNHG2,
GAS5	SNHG2,
GAS5	SNHG2,
GAS5	SNHG2,
GAS5	SNHG2,
GAS5	SNHG2,
GAS5	SNHG2,
GAS5	SNHG2,
GAS5	SNHG2,
GAS5	SNHG2,
GAS5	SNHG2,
GAS5	SNHG2,
GAS5	SNHG2,
GAS5	SNHG2,
GAS5	SNHG2,
GAS5	SNHG2,
GAS5	SNHG2,
GAS5-AS1	ENSG00000270084
GAS5-AS1	ENSG00000270084
GAS6-AS1	ENSG00000233695
GAS6-AS2	ENSG00000272695
GAS8-AS1	ENSG00000221819
GAS8-AS1	ENSG00000221819
GASL1	ENSG00000253669
GCASPC	TCONS_00011605
GClnc1	NA
GCRL1	ENSG00000224397
GHET1	102723099
GHET1	102723099
GHET1	102723099
GHET1	102723099
GHET1	102723099
GHET1	102723099
GHET1	102723099
GHET1	102723099
GHET1	102723099
GHET1	102723099
GHET1	102723099
GHET1	102723099
GHET1	102723099
GHET1	102723099
GHRLOS	ENSG00000240288
GHRLOS	ENSG00000240288
GIHCG	NA
GIHCG	NA
GIHCG	NA
GLIDR	TCONS_00015562
GLIS3-AS1	ENSG00000237009
GLT1D1	ENSG00000151948
Gm15290	NA
GNAS-AS1	GNAS1AS,
GNG12-AS1	ENSG00000232284
GPC3-AS1	NA
GRP78	ENSG00000044574
GS1-5L10.1	NA
GS1-600G8.5	109729169
GSEC	ST3GAL4-AS1
GTSE1-AS1	ENSG00000277232
GUARDIN	NA
GUCY1B2	NA
H19	ASM1,
H19	ASM1,
H19	ASM1,
H19	ASM1,
H19	ASM1,
H19	ASM1,
H19	ASM1,
H19	ASM1,
H19	ASM1,
H19	ASM1,
H19	ASM1,
H19	ASM1,
H19	ASM1,
H19	ASM1,
H19	ASM1,
H19	ASM1,
H19	ASM1,
H19	ASM1,
H19	ASM1,
H19	ASM1,
H19	ASM1,
H19	ASM1,
H19	ASM1,
H19	ASM1,
H19	ASM1,
H19	ASM1,
H19	ASM1,
H19	ASM1,
H19	ASM1,
H19	ASM1,
H19	ASM1,
H19	ASM1,
H19	ASM1,
H19	ASM1,
H19	ASM1,
H19	ASM1,
H19	ASM1,
H19	ASM1,
H19	ASM1,
H19	ASM1,
H19	ASM1,
H19	ASM1,
H19	ASM1,
H19	ASM1,
H19	ASM1,
H19	ASM1,
H19	ASM1,
H19	ASM1,
H19	ASM1,
H19	ASM1,
H19	ASM1,
H19	ASM1,
H19	ASM1,
H19	ASM1,
H19	ASM1,
H19	ASM1,
H19	ASM1,
H19	ASM1,
H19	ASM1,
H19	ASM1,
H19	ASM1,
H19	ASM1,
H19	ASM1,
H19	ASM1,
H19	ASM1,
H19	ASM1,
H19	ASM1,
H19	ASM1,
H19	ASM1,
H19	ASM1,
H19	ASM1,
H19	ASM1,
H19	ASM1,
H19	ASM1,
H19	ASM1,
H19	ASM1,
H19	ASM1,
H19	ASM1,
H19	ASM1,
H19	ASM1,
H19	ASM1,
H19	ASM1,
H19	ASM1,
H19	ASM1,
H19	ASM1,
H19	ASM1,
H19	ASM1,
H19	ASM1,
H19	ASM1,
H19	ASM1,
H19	ASM1,
H19	ASM1,
H19	ASM1,
H19	ASM1,
H19	ASM1,
H19	ASM1,
H19	ASM1,
H19	ASM1,
H19	ASM1,
H19	ASM1,
H19	ASM1,
H19	ASM1,
H19	ASM1,
H19	ASM1,
H19	ASM1,
H19	ASM1,
H19	ASM1,
H19	ASM1,
H19	ASM1,
H19	ASM1,
H19	ASM1,
H19	ASM1,
H19	ASM1,
H19	ASM1,
H19	ASM1,
H19	ASM1,
H19	ASM1,
H19	ASM1,
H19	ASM1,
H19	ASM1,
H19	ASM1,
H19	ASM1,
H19	ASM1,
H19	ASM1,
H19	ASM1,
H19	ASM1,
H19	ASM1,
H19	ASM1,
H19	ASM1,
H19	ASM1,
H19	ASM1,
H19	ASM1,
H19	ASM1,
H19	ASM1,
H19	ASM1,
H19	ASM1,
H19	ASM1,
H19	ASM1,
H19	ASM1,
H19	ASM1,
H19	ASM1,
H19	ASM1,
H19	ASM1,
H19	ASM1,
H19	ASM1,
H19	ASM1,
H19	ASM1,
H19	ASM1,
H19	ASM1,
H19	ASM1,
H19	ASM1,
H19	ASM1,
H19	ASM1,
H19	ASM1,
H19	ASM1,
H19	ASM1,
H19	ASM1,
H19	ASM1,
H19	ASM1,
H19	ASM1,
H19	ASM1,
H19	ASM1,
H19	ASM1,
H19	ASM1,
H19	ASM1,
H19	ASM1,
H19	ASM1,
H19	ASM1,
H19	ASM1,
H19	ASM1,
H19	ASM1,
H19	ASM1,
H19	ASM1,
H19	ASM1,
H19	ASM1,
H19	ASM1,
H19	ASM1,
H19	ASM1,
H19	ASM1,
H19	ASM1,
H19	ASM1,
H19	ASM1,
H19	ASM1,
H19	ASM1,
H19	ASM1,
H19	ASM1,
H19	ASM1,
H19	ASM1,
H19	ASM1,
H19	ASM1,
H19	ASM1,
H19	ASM1,
H19	ASM1,
H19	ASM1,
H19	ASM1,
H19	ASM1,
H19	ASM1,
H19	ASM1,
H19	ASM1,
H19	ASM1,
H19	ASM1,
H19	ASM1,
H19	ASM1,
H19	ASM1,
H19	ASM1,
H19	ASM1,
H19	ASM1,
H19	ASM1,
H19	ASM1,
H19antisense	NA
H2A/K	NA
HAND2-AS1	NBLA00301,
HAND2-AS1	NBLA00301,
HAND2-AS1	NBLA00301,
HAND2-AS1	NBLA00301,
HAND2-AS1	NBLA00301,
HANR	NA
HAR1A	ENSG00000225978
HAS2-AS1	ENSG00000248690
HCAL	NA
HCG11	bK14H9.3
HCG11	bK14H9.3
HCG22	ENSG00000228789
HCN3	ENSG00000143630
HCP5	ENSG00000206337
HCP5	ENSG00000206337
hDREH	NA
hDREH	NA
HEIRCC	100131551
HEIRCC	100131551
HESRG	790952
HIF1A	HIF-1A,
HIF1A-AS1	5'aHIF1alpha
HIF1A-AS1	5'aHIF1alpha
HIF1A-AS1	5'aHIF1alpha
HIF1A-AS1	5'aHIF1alpha
HIF1A-AS2	aHIF
HIF1A-AS2	aHIF
HIF1A-AS2	aHIF
HIF1A-AS2	aHIF
HIF1A-AS2	aHIF
HIF1A-AS2	aHIF
HIF1A-AS2	aHIF
HIF1A-AS2	aHIF
HIF1A-AS2	aHIF
HIF1A-AS2	aHIF
HIF2PUT	HIF2A,
HIF2PUT	HIF2A,
HIF2PUT	HIF2A,
HIT000218960	NA
HIT000337391	NA
HIV1230	NA
HIX0023999	NA
HMlincRNA717	MTCL1-AS1,
HMlincRNA717	MTCL1-AS1,
HMlincRNA717	MTCL1-AS1,
HMlincRNA717	MTCL1-AS1,
HMMR-AS1	ENSG00000251018
HMMR-AS1	ENSG00000251018
HNF1A-AS1	NCRNA00262
HNF1A-AS1	NCRNA00262
HNF1A-AS1	NCRNA00262
HNF1A-AS1	NCRNA00262
HNF1A-AS1	NCRNA00262
HNF1A-AS1	NCRNA00262
HNF1A-AS1	NCRNA00262
HNF1A-AS1	NCRNA00262
HNF1A-AS1	NCRNA00262
HNF1A-AS1	NCRNA00262
HNF1A-AS1	NCRNA00262
HNF1A-AS1	NCRNA00262
HNF1A-AS1	NCRNA00262
HNF1A-AS1	NCRNA00262
HNF1A-AS1	NCRNA00262
HNF1A-AS1	NCRNA00262
HNF1A-AS1	NCRNA00262
HNF1A-AS1	NCRNA00262
HNRNPKP2	NA
HNRNPU	NA
HOTAIR	HOXC-AS4,
HOTAIR	HOXC-AS4,
HOTAIR	HOXC-AS4,
HOTAIR	HOXC-AS4,
HOTAIR	HOXC-AS4,
HOTAIR	HOXC-AS4,
HOTAIR	HOXC-AS4,
HOTAIR	HOXC-AS4,
HOTAIR	HOXC-AS4,
HOTAIR	HOXC-AS4,
HOTAIR	HOXC-AS4,
HOTAIR	HOXC-AS4,
HOTAIR	HOXC-AS4,
HOTAIR	HOXC-AS4,
HOTAIR	HOXC-AS4,
HOTAIR	HOXC-AS4,
HOTAIR	HOXC-AS4,
HOTAIR	HOXC-AS4,
HOTAIR	HOXC-AS4,
HOTAIR	HOXC-AS4,
HOTAIR	HOXC-AS4,
HOTAIR	HOXC-AS4,
HOTAIR	HOXC-AS4,
HOTAIR	HOXC-AS4,
HOTAIR	HOXC-AS4,
HOTAIR	HOXC-AS4,
HOTAIR	HOXC-AS4,
HOTAIR	HOXC-AS4,
HOTAIR	HOXC-AS4,
HOTAIR	HOXC-AS4,
HOTAIR	HOXC-AS4,
HOTAIR	HOXC-AS4,
HOTAIR	HOXC-AS4,
HOTAIR	HOXC-AS4,
HOTAIR	HOXC-AS4,
HOTAIR	HOXC-AS4,
HOTAIR	HOXC-AS4,
HOTAIR	HOXC-AS4,
HOTAIR	HOXC-AS4,
HOTAIR	HOXC-AS4,
HOTAIR	HOXC-AS4,
HOTAIR	HOXC-AS4,
HOTAIR	HOXC-AS4,
HOTAIR	HOXC-AS4,
HOTAIR	HOXC-AS4,
HOTAIR	HOXC-AS4,
HOTAIR	HOXC-AS4,
HOTAIR	HOXC-AS4,
HOTAIR	HOXC-AS4,
HOTAIR	HOXC-AS4,
HOTAIR	HOXC-AS4,
HOTAIR	HOXC-AS4,
HOTAIR	HOXC-AS4,
HOTAIR	HOXC-AS4,
HOTAIR	HOXC-AS4,
HOTAIR	HOXC-AS4,
HOTAIR	HOXC-AS4,
HOTAIR	HOXC-AS4,
HOTAIR	HOXC-AS4,
HOTAIR	HOXC-AS4,
HOTAIR	HOXC-AS4,
HOTAIR	HOXC-AS4,
HOTAIR	HOXC-AS4,
HOTAIR	HOXC-AS4,
HOTAIR	HOXC-AS4,
HOTAIR	HOXC-AS4,
HOTAIR	HOXC-AS4,
HOTAIR	HOXC-AS4,
HOTAIR	HOXC-AS4,
HOTAIR	HOXC-AS4,
HOTAIR	HOXC-AS4,
HOTAIR	HOXC-AS4,
HOTAIR	HOXC-AS4,
HOTAIR	HOXC-AS4,
HOTAIR	HOXC-AS4,
HOTAIR	HOXC-AS4,
HOTAIR	HOXC-AS4,
HOTAIR	HOXC-AS4,
HOTAIR	HOXC-AS4,
HOTAIR	HOXC-AS4,
HOTAIR	HOXC-AS4,
HOTAIR	HOXC-AS4,
HOTAIR	HOXC-AS4,
HOTAIR	HOXC-AS4,
HOTAIR	HOXC-AS4,
HOTAIR	HOXC-AS4,
HOTAIR	HOXC-AS4,
HOTAIR	HOXC-AS4,
HOTAIR	HOXC-AS4,
HOTAIR	HOXC-AS4,
HOTAIR	HOXC-AS4,
HOTAIR	HOXC-AS4,
HOTAIR	HOXC-AS4,
HOTAIR	HOXC-AS4,
HOTAIR	HOXC-AS4,
HOTAIR	HOXC-AS4,
HOTAIR	HOXC-AS4,
HOTAIR	HOXC-AS4,
HOTAIR	HOXC-AS4,
HOTAIR	HOXC-AS4,
HOTAIR	HOXC-AS4,
HOTAIR	HOXC-AS4,
HOTAIR	HOXC-AS4,
HOTAIR	HOXC-AS4,
HOTAIR	HOXC-AS4,
HOTAIR	HOXC-AS4,
HOTAIR	HOXC-AS4,
HOTAIR	HOXC-AS4,
HOTAIR	HOXC-AS4,
HOTAIR	HOXC-AS4,
HOTAIR	HOXC-AS4,
HOTAIR	HOXC-AS4,
HOTAIR	HOXC-AS4,
HOTAIR	HOXC-AS4,
HOTAIR	HOXC-AS4,
HOTAIR	HOXC-AS4,
HOTAIR	HOXC-AS4,
HOTAIR	HOXC-AS4,
HOTAIR	HOXC-AS4,
HOTAIR	HOXC-AS4,
HOTAIR	HOXC-AS4,
HOTAIR	HOXC-AS4,
HOTAIR	HOXC-AS4,
HOTAIR	HOXC-AS4,
HOTAIR	HOXC-AS4,
HOTAIR	HOXC-AS4,
HOTAIR	HOXC-AS4,
HOTAIR	HOXC-AS4,
HOTAIR	HOXC-AS4,
HOTAIR	HOXC-AS4,
HOTAIR	HOXC-AS4,
HOTAIR	HOXC-AS4,
HOTAIR	HOXC-AS4,
HOTAIR	HOXC-AS4,
HOTAIR	HOXC-AS4,
HOTAIR	HOXC-AS4,
HOTAIR	HOXC-AS4,
HOTAIR	HOXC-AS4,
HOTAIR	HOXC-AS4,
HOTAIR	HOXC-AS4,
HOTAIR	HOXC-AS4,
HOTAIR	HOXC-AS4,
HOTAIR	HOXC-AS4,
HOTAIR	HOXC-AS4,
HOTAIR	HOXC-AS4,
HOTAIR	HOXC-AS4,
HOTAIR	HOXC-AS4,
HOTAIR	HOXC-AS4,
HOTAIR	HOXC-AS4,
HOTAIR	HOXC-AS4,
HOTAIR	HOXC-AS4,
HOTAIR	HOXC-AS4,
HOTAIR	HOXC-AS4,
HOTAIR	HOXC-AS4,
HOTAIR	HOXC-AS4,
HOTAIR	HOXC-AS4,
HOTAIR	HOXC-AS4,
HOTAIR	HOXC-AS4,
HOTAIR	HOXC-AS4,
HOTAIR	HOXC-AS4,
HOTAIR	HOXC-AS4,
HOTAIR	HOXC-AS4,
HOTAIR	HOXC-AS4,
HOTAIR	HOXC-AS4,
HOTAIR	HOXC-AS4,
HOTAIR	HOXC-AS4,
HOTAIR	HOXC-AS4,
HOTAIR	HOXC-AS4,
HOTAIR	HOXC-AS4,
HOTAIR	HOXC-AS4,
HOTAIR	HOXC-AS4,
HOTAIR	HOXC-AS4,
HOTAIR	HOXC-AS4,
HOTAIR	HOXC-AS4,
HOTAIR	HOXC-AS4,
HOTAIR	HOXC-AS4,
HOTAIR	HOXC-AS4,
HOTAIR	HOXC-AS4,
HOTAIR	HOXC-AS4,
HOTAIR	HOXC-AS4,
HOTAIR	HOXC-AS4,
HOTAIR	HOXC-AS4,
HOTAIR	HOXC-AS4,
HOTAIR	HOXC-AS4,
HOTAIR	HOXC-AS4,
HOTAIR	HOXC-AS4,
HOTAIR	HOXC-AS4,
HOTAIR	HOXC-AS4,
HOTAIR	HOXC-AS4,
HOTAIR	HOXC-AS4,
HOTAIR	HOXC-AS4,
HOTAIR	HOXC-AS4,
HOTAIR	HOXC-AS4,
HOTAIR	HOXC-AS4,
HOTAIR	HOXC-AS4,
HOTAIR	HOXC-AS4,
HOTAIR	HOXC-AS4,
HOTAIR	HOXC-AS4,
HOTAIR	HOXC-AS4,
HOTAIR	HOXC-AS4,
HOTAIR	HOXC-AS4,
HOTAIR	HOXC-AS4,
HOTAIR	HOXC-AS4,
HOTAIR	HOXC-AS4,
HOTAIR	HOXC-AS4,
HOTAIR	HOXC-AS4,
HOTAIR	HOXC-AS4,
HOTAIR	HOXC-AS4,
HOTAIR	HOXC-AS4,
HOTAIR	HOXC-AS4,
HOTAIR	HOXC-AS4,
HOTAIR	HOXC-AS4,
HOTAIR	HOXC-AS4,
HOTAIR	HOXC-AS4,
HOTAIR	HOXC-AS4,
HOTAIR	HOXC-AS4,
HOTAIR	HOXC-AS4,
HOTAIR	HOXC-AS4,
HOTAIR	HOXC-AS4,
HOTAIR	HOXC-AS4,
HOTAIR	HOXC-AS4,
HOTAIR	HOXC-AS4,
HOTAIR	HOXC-AS4,
HOTAIR	HOXC-AS4,
HOTAIR	HOXC-AS4,
HOTAIR	HOXC-AS4,
HOTAIR	HOXC-AS4,
HOTAIR	HOXC-AS4,
HOTAIR	HOXC-AS4,
HOTAIR	HOXC-AS4,
HOTAIR	HOXC-AS4,
HOTAIR	HOXC-AS4,
HOTAIR	HOXC-AS4,
HOTAIR	HOXC-AS4,
HOTAIR	HOXC-AS4,
HOTAIR	HOXC-AS4,
HOTAIR	HOXC-AS4,
HOTAIR	HOXC-AS4,
HOTAIR	HOXC-AS4,
HOTAIR	HOXC-AS4,
HOTAIR	HOXC-AS4,
HOTAIR	HOXC-AS4,
HOTAIR	HOXC-AS4,
HOTAIR	HOXC-AS4,
HOTAIR	HOXC-AS4,
HOTAIR	HOXC-AS4,
HOTAIR	HOXC-AS4,
HOTAIR	HOXC-AS4,
HOTAIR	HOXC-AS4,
HOTAIR	HOXC-AS4,
HOTAIR	HOXC-AS4,
HOTAIR	HOXC-AS4,
HOTAIR	HOXC-AS4,
HOTAIRM1	HOXA1-AS1,
HOTAIRM1	HOXA1-AS1,
HOTAIRM1	HOXA1-AS1,
HOTAIRM1	HOXA1-AS1,
HOTAIRM1	HOXA1-AS1,
HOTAIRM1	HOXA1-AS1,
HOTAIRM1	HOXA1-AS1,
HOTAIRM1	HOXA1-AS1,
HOTAIRM1	HOXA1-AS1,
HOTAIRM1	HOXA1-AS1,
HOTAIRM1	HOXA1-AS1,
HOTTIP	HOXA13-AS1,
HOTTIP	HOXA13-AS1,
HOTTIP	HOXA13-AS1,
HOTTIP	HOXA13-AS1,
HOTTIP	HOXA13-AS1,
HOTTIP	HOXA13-AS1,
HOTTIP	HOXA13-AS1,
HOTTIP	HOXA13-AS1,
HOTTIP	HOXA13-AS1,
HOTTIP	HOXA13-AS1,
HOTTIP	HOXA13-AS1,
HOTTIP	HOXA13-AS1,
HOTTIP	HOXA13-AS1,
HOTTIP	HOXA13-AS1,
HOTTIP	HOXA13-AS1,
HOTTIP	HOXA13-AS1,
HOTTIP	HOXA13-AS1,
HOTTIP	HOXA13-AS1,
HOTTIP	HOXA13-AS1,
HOTTIP	HOXA13-AS1,
HOTTIP	HOXA13-AS1,
HOTTIP	HOXA13-AS1,
HOTTIP	HOXA13-AS1,
HOTTIP	HOXA13-AS1,
HOTTIP	HOXA13-AS1,
HOTTIP	HOXA13-AS1,
HOTTIP	HOXA13-AS1,
HOTTIP	HOXA13-AS1,
HOTTIP	HOXA13-AS1,
HOTTIP	HOXA13-AS1,
HOTTIP	HOXA13-AS1,
HOTTIP	ENSG00000243766
HOTTIP	ENSG00000243766
HOX	NA
HOXA10	ENSG00000253293
HOXA11-AS	HOXA11-AS1,
HOXA11-AS	HOXA11-AS1,
HOXA11-AS	HOXA11-AS1,
HOXA11-AS	HOXA11-AS1,
HOXA11-AS	HOXA11-AS1,
HOXA11-AS	HOXA11-AS1,
HOXA11-AS	HOXA11-AS1,
HOXA11-AS	HOXA11-AS1,
HOXA11-AS	HOXA11-AS1,
HOXA11-AS	HOXA11-AS1,
HOXA11-AS	HOXA11-AS1,
HOXA11-AS	HOXA11-AS1,
HOXA11-AS	HOXA11-AS1,
HOXA11-AS	HOXA11-AS1,
HOXA11-AS	HOXA11-AS1,
HOXA11-AS	HOXA11-AS1,
HOXA11-AS	HOXA11-AS1,
HOXA11-AS	HOXA11-AS1,
HOXA11-AS	HOXA11-AS1,
HOXA11-AS	HOXA11-AS1,
HOXA11-AS	HOXA11-AS1,
HOXA11-AS	HOXA11-AS1,
HOXA11-AS	HOXA11-AS1,
HOXA11-AS	HOXA11-AS1,
HOXA11-AS	HOXA11-AS1,
HOXA11-AS	HOXA11-AS1,
HOXA11-AS	HOXA11-AS1,
HOXA13	HOX1J
HOXA13	HOX1J
HOXA13	HOX1J
HOXA-AS2	285943
HOXA-AS2	285943
HOXA-AS2	285943
HOXA-AS2	285943
HOXA-AS2	285943
HOXA-AS2	285943
HOXA-AS2	285943
HOXA-AS2	285943
HOXA-AS2	285943
HOXA-AS2	285943
HOXA-AS3	ENSG00000254369
HOXA-AS3	ENSG00000254369
HOXB-AS3	ENSG00000254369
HOXB-AS3	ENSG00000254369
HOXD-AS1	Mdgt
HOXD-AS1	Mdgt
HOXD-AS1	Mdgt
HOXD-AS1	Mdgt
HOXD-AS1	Mdgt
HOXD-AS1	Mdgt
HOXD-AS1	Mdgt
HOXD-AS1	Mdgt
HOXD-AS1	Mdgt
HOXD-AS1	Mdgt
HOXD-AS1	Mdgt
HOXD-AS1	Mdgt
HOXD-AS1	Mdgt
HOXD-AS1	Mdgt
HOXD-AS1	Mdgt
HOXD-AS1	Mdgt
HOXD-AS1	Mdgt
HOXD-AS1	Mdgt
HOXD-AS1	Mdgt
HSP90AA1-IT1	NA
HTF30525	NA
HULC	LINC00078,
HULC	LINC00078,
HULC	LINC00078,
HULC	LINC00078,
HULC	LINC00078,
HULC	LINC00078,
HULC	LINC00078,
HULC	LINC00078,
HULC	LINC00078,
HULC	LINC00078,
HULC	LINC00078,
HULC	LINC00078,
HULC	LINC00078,
HULC	LINC00078,
HULC	LINC00078,
HULC	LINC00078,
HULC	LINC00078,
HULC	LINC00078,
HULC	LINC00078,
HULC	LINC00078,
HULC	LINC00078,
HULC	LINC00078,
HULC	LINC00078,
HULC	LINC00078,
HULC	LINC00078,
HULC	LINC00078,
HULC	LINC00078,
HULC	LINC00078,
HULC	LINC00078,
HULC	LINC00078,
HULC	LINC00078,
HULC	LINC00078,
HULC	LINC00078,
HULC	LINC00078,
HULC	LINC00078,
HULC	LINC00078,
HULC	LINC00078,
HULC	LINC00078,
HULC	LINC00078,
HULC	LINC00078,
HULC	LINC00078,
HULC	LINC00078,
HULC	LINC00078,
HULC	LINC00078,
HULC	LINC00078,
HULC	LINC00078,
HULC	LINC00078,
ICR	NA
IGF2-AS	IGF2AS,
IGF2-AS	IGF2AS,
IGF2-AS	IGF2AS,
IGF2-AS	IGF2AS,
IGF2-AS	IGF2AS,
IGF2-AS	IGF2AS,
IGFBP4-1	NA
IGFL2-AS1	ENSG00000268621
IGKV	A18b,
ILF3-AS1	ENSG00000267100
Inc-DCAF10-3:1	NA
INHBA-AS1	ENSG00000224116
INTS7	INT7
INXS	103021294
INXS	103021294
INXS	103021294
INXS	103021294
IPW	3653
IRAIN	104472848
IRAIN	104472848
IRAIN	104472848
IRAIN	104472848
ITGB2-AS1	ENSG00000227039
JPX	ENOX,
JPX	ENOX,
JPX	ENOX,
KB-208E9.1	NA
KCCAT199	NA
KCCAT91	NA
KCNQ1DN	HSA404617
KCNQ1OT1	KCNQ10T1,
KCNQ1OT1	KCNQ10T1,
KCNQ1OT1	KCNQ10T1,
KCNQ1OT1	KCNQ10T1,
KCNQ1OT1	KCNQ10T1,
KCNQ1OT1	KCNQ10T1,
KCNQ1OT1	KCNQ10T1,
KCNQ1OT1	KCNQ10T1,
KCNQ1OT1	KCNQ10T1,
KCNQ1OT1	KCNQ10T1,
KCNQ1OT1	ENSG00000269821
KCNQ1OT1	KCNQ10T1,
KCNQ1OT1	KCNQ10T1,
KIAA0087	ENSG00000122548
KIAA0125	HSPC053,
KLKP1	KLK31P,
KLKP1	KLK31P,
KRT18P55	ENSG00000265480
KRT19P3	ENSG00000249681
KRT7-AS	ENSG00000257671
KRTAP5-AS1	ENSG00000233930
LAMA5-AS1	ENSG00000228812
LCAL1	80078
LCPAT1	NA
LEIGC	NA
LeXis	NA
LINC0000125	NA
LINC00052	TMEM83
LINC00052	TMEM83
LINC00052	TMEM83
LINC00052	TMEM83
LINC00092	100188953
LINC00114	NCRNA00114
LINC00152	LINC00152,
LINC00152	LINC00152,
LINC00152	LINC00152,
LINC00152	LINC00152,
LINC00152	LINC00152,
LINC00152	LINC00152,
LINC00152	LINC00152,
LINC00152	LINC00152,
LINC00152	LINC00152,
LINC00152	LINC00152,
LINC00152	LINC00152,
LINC00152	LINC00152,
LINC00152	LINC00152,
LINC00152	LINC00152,
LINC00152	LINC00152,
LINC00152	LINC00152,
LINC00152	LINC00152,
LINC00152	LINC00152,
LINC00152	LINC00152,
LINC00152	LINC00152,
LINC00152	LINC00152,
LINC00152	LINC00152,
LINC00152	LINC00152,
LINC00152	LINC00152,
LINC00152	LINC00152,
LINC00152	LINC00152,
LINC00152	LINC00152,
LINC00152	LINC00152,
LINC00152	LINC00152,
LINC00152	LINC00152,
LINC00152	LINC00152,
LINC00152	LINC00152,
LINC00152	LINC00152,
LINC00152	LINC00152,
LINC00152	LINC00152,
LINC00152	LINC00152,
LINC00152	LINC00152,
LINC00152	LINC00152,
LINC00152	LINC00152,
LINC00152	LINC00152,
LINC00161	NCRNA00161
LINC00161	NCRNA00161
LINC00162	LINC00162,
LINC00162	LINC00162,
LINC00162	LINC00162,
LINC00174	ENSG00000179406
LINC00176	NA
LINC00210	100885798
LINC00210	100885798
LINC00210	100885798
LINC00222	NCRNA00222
LINC00226	NCRNA00226
LINC00261	C20orf56,
LINC00261	C20orf56,
LINC00261	C20orf56,
LINC00261	C20orf56,
LINC00261	C20orf56,
LINC00261	C20orf56,
LINC00261	C20orf56,
LINC00261	C20orf56,
LINC00261	C20orf56,
LINC00271	NCRNA00271
LINC00310	114036
LINC003121	NA
LINC00313	CH507-42P11.5
LINC00319	ENSG00000188660
LINC00319	ENSG00000188660
LINC00324	ENSG00000178977
LINC00339	NCRNA00339
LINC00339	NCRNA00339
LINC00339	NCRNA00339
LINC00342	150759
LINC00441	NA
LINC00460	ENSG00000233532
LINC00460	ENSG00000233532
LINC00460	ENSG00000233532
LINC00460	ENSG00000233532
LINC00460	ENSG00000233532
LINC00460	ENSG00000233532
LINC00461	ENSG00000245526
LINC00462	ENSG00000233610
LINC00462	ENSG00000233610
LINC00467	84791
LINC00470	ENSG00000132204
LINC00472	79940
LINC00472	79940
LINC00472	79940
LINC00472	79940
LINC00472	79940
LINC00472	79940
LINC00472	79940
LINC00472	79940
LINC00473	bA142J11.1
LINC00473	bA142J11.1
LINC00473	bA142J11.1
LINC00473	bA142J11.1
LINC00473	bA142J11.1
LINC00483	55018
LINC00511	onco-lncRNA-12
LINC00511	onco-lncRNA-12
LINC00511	onco-lncRNA-12
LINC00511	onco-lncRNA-12
LINC00511	onco-lncRNA-12
LINC00514	ENSG00000262152
LINC00515	PRED21
Linc00518	ENSG00000183674
LINC00520	645687
LINC00524	338002
LINC00628	ENSG00000280924
LINC00628	ENSG00000280924
LINC00629	LINC00629B,
LINC00659	ENSG00000228705
LINC00663	ENSG00000266904
LINC00663	ENSG00000266904
LINC00663	ENSG00000266904
LINC00663	ENSG00000266904
LINC00663	ENSG00000266904
LINC00663	ENSG00000266904
LINC00663	ENSG00000266904
LINC00665	ENSG00000232677
LINC00665	ENSG00000232677
LINC00668	ENSG00000265933
LINC00668	ENSG00000265933
LINC00672	ENSG00000263874
LINC00673	HILNC75,
LINC00673	HILNC75,
LINC00673	HILNC75,
LINC00673	HILNC75,
LINC00673	HILNC75,
LINC00673	HILNC75,
LINC00673	HILNC75,
LINC00673	HILNC75,
LINC00673	HILNC75,
LINC00673	HILNC75,
LINC00673	HILNC75,
LINC00673	HILNC75,
LINC00673	HILNC75,
LINC00704	ENSG00000231298
LINC00704	ENSG00000231298
LINC00707	ENSG00000238266
LINC00857	ENSG00000237523
LINC00857	ENSG00000237523
LINC00857	ENSG00000237523
LINC00857	ENSG00000237523
LINC00857	ENSG00000237523
LINC00858	ENSG00000229404
LINC00858	ENSG00000229404
LINC0086	LINC00086,
LINC0086	LINC00086,
LINC00880	ENSG00000243629
LINC00880	ENSG00000243629
LINC00894-002	NA
LINC00941	ENSG00000235884
LINC00958	ENSG00000251381
LINC00958	ENSG00000251381
LINC00958	ENSG00000251381
LINC00959	NA
LINC00961	SPAR，
LINC00961	SPAR，
LINC00961	SPAR，
LINC00961	SPAR，
LINC00961	SPAR，
LINC00963	ENSG00000204054
LINC00963	ENSG00000204054
LINC00963	ENSG00000204054
LINC00968	ENSG00000246430
LINC00968	ENSG00000246430
LINC00968	ENSG00000246430
LINC00968	ENSG00000246430
LINC00969	NA
LINC00969	NA
LINC00973	ENSG00000240476
LINC00974	ENSG00000226629
LINC01006	ENSG00000182648
LINC01013	ENSG00000228495
LINC01021	NA
LINC01021	NA
LINC01060	ENSG00000249378
LINC01082	ENSG00000269186
LINC01088	ENSG00000249307
LINC01089	338799
LINC01089	338799
LINC01093	ENSG00000249173
LINC01101	ENSG00000280409
LINC01105	ENSG00000232044
LINC01105	ENSG00000232044
LINC01121	ENSG00000205054
LINC01133	ENSG00000224259
LINC01133	ENSG00000224259
LINC01133	ENSG00000224259
LINC01133	ENSG00000224259
LINC01133	ENSG00000224259
LINC01133	ENSG00000224259
LINC01133	ENSG00000224259
LINC01138	388685
LINC01138	388685
LINC01138	388685
LINC01152	TCONS_00025128
LINC01186	ENSG00000236751
LINC01198	ENSG00000231817
LINC01207	NA
LINC01287	ENSG00000234722
LINC01296	FLJ39632,
LINC01296	FLJ39632,
LINC01296	FLJ39632,
LINC01296	FLJ39632,
LINC01296	FLJ39632,
LINC01296	FLJ39632,
LINC01296	FLJ39632,
LINC01296	NA
LINC01419	TCONS_00014497
LINC01419	TCONS_00014497
LINC01420	NoBody
LINC01433	ENSG00000230176
LINC01433	ENSG00000230176
LINC01476	ENSG00000265313
LINC01503	ENSG00000233901
LINC01503	ENSG00000233901
LINC01503	ENSG00000233901
LINC01510	ENSG00000231210
LINC01512	100132354
LINC01512	100132354
linc01561	ENSG00000177234
LINC01638	ENSG00000233521
LINC01793	ENSG00000222030
LINC02163	ENSG00000251026
LINC02454	ENSG00000256268
LINC02471	ENSG00000223914
LINC02471	ENSG00000223914
linc-223	NA
linc-CARS2-2	NCRNA00346
linc-CARS2-2	NCRNA00346
linc-cdh4-2	NA
linc-GGTLC1-7	92086
linc-GPR65-1	ENSG00000140030
LincIN	NA
linc-ITGB1	FNRB,
linc-ITGB1	FNRB,
linc-ITGB1	FNRB,
linc-ITGB1	FNRB,
linc-ITGB1	FNRB,
LINC-PINT	MKLN1-AS1,
LINC-PINT	MKLN1-AS1,
LINC-PINT	MKLN1-AS1,
LINC-PINT	MKLN1-AS1,
LINC-PINT	MKLN1-AS1,
LINC-PINT	MKLN1-AS1,
LINC-PINT	MKLN1-AS1,
linc-POU3F3	OTF8,
linc-POU3F3	OTF8,
linc-POU3F3	OTF8,
linc-POU3F3	OTF8,
linc-POU3F3	OTF8,
linc-POU3F3	OTF8,
linc-POU3F3	OTF8,
linc-POU3F3	OTF8,
linc-POU3F3	OTF8,
linc-POU3F3	OTF8,
linc-POU3F3	OTF8,
linc-PSMD-11	NA
lincRNA-APOC1P1-3	ENSG00000214855
lincRNA-BBOX1-2	G-BBH,
lincRNA-BC2	NA
lincRNA-BC4	NA
lincRNA-BC5	NA
lincRNA-BC8	NA
lincRNA-CALCA	CGRP,
lincRNA-p21	linc-p21,
lincRNA-p21	linc-p21,
lincRNA-p21	linc-p21,
lincRNA-p21	linc-p21,
lincRNA-p21	linc-p21,
lincRNA-p21	linc-p21,
lincRNA-p21	linc-p21,
lincRNA-p21	linc-p21,
lincRNA-p21	linc-p21,
lincRNA-p21	linc-p21,
lincRNA-p21	linc-p21,
lincRNA-p21	linc-p21,
lincRNA-p21	linc-p21,
lincRNA-p21	linc-p21,
lincRNA-p21	linc-p21,
lincRNA-p21	linc-p21,
lincRNA-p21	linc-p21,
lincRNA-p21	linc-p21,
lincRNA-p21	linc-p21,
lincRNA-p21	linc-p21,
lincRNA-p21	linc-p21,
lincRNA-p21	linc-p21,
lincRNA-p21	linc-p21,
lincRNA-p21	linc-p21,
lincRNA-p21	linc-p21,
lincRNA-VLDLR	lincRNA-VLDLR
lincRNA-VLDLR	lincRNA-VLDLR
lincRNA-ZNF532	ENSG00000074657
linc-ROR	lincRNA-RoR
linc-ROR	lincRNA-RoR
linc-ROR	lincRNA-RoR
linc-ROR	lincRNA-RoR
linc-ROR	lincRNA-RoR
linc-ROR	lincRNA-RoR
linc-ROR	lincRNA-RoR
linc-ROR	lincRNA-RoR
linc-ROR	lincRNA-RoR
linc-ROR	lincRNA-RoR
linc-ROR	lincRNA-RoR
linc-ROR	lincRNA-RoR
linc-ROR	lincRNA-RoR
linc-ROR	lincRNA-RoR
linc-ROR	lincRNA-RoR
linc-ROR	lincRNA-RoR
linc-ROR	lincRNA-RoR
linc-ROR	lincRNA-RoR
linc-ROR	lincRNA-RoR
linc-ROR	lincRNA-RoR
linc-ROR	lincRNA-RoR
linc-ROR	lincRNA-RoR
linc-ROR	lincRNA-RoR
linc-ROR	lincRNA-RoR
linc-ROR	lincRNA-RoR
linc-ROR	lincRNA-RoR
linc-ROR	lincRNA-RoR
linc-ROR	lincRNA-RoR
linc-ROR	lincRNA-RoR
linc-ROR	lincRNA-RoR
linc-ROR	lincRNA-RoR
linc-ROR	lincRNA-RoR
linc-ROR	lincRNA-RoR
linc-ROR	lincRNA-RoR
linc-ROR	lincRNA-RoR
linc-ROR	lincRNA-RoR
linc-ROR	lincRNA-RoR
linc-ROR	lincRNA-RoR
linc-ROR	lincRNA-RoR
linc-ROR	lincRNA-RoR
linc-ROR	lincRNA-RoR
linc-ROR	lincRNA-RoR
linc-ROR	lincRNA-RoR
linc-ROR	lincRNA-RoR
linc-ROR	lincRNA-RoR
linc-ROR	lincRNA-RoR
linc-ROR	lincRNA-RoR
linc-ROR	lincRNA-RoR
linc-ROR	lincRNA-RoR
linc-ROR	lincRNA-RoR
linc-ROR	lincRNA-RoR
linc-ROR	lincRNA-RoR
linc-ROR	lincRNA-RoR
linc-TNFRSF19-1	NA
linc-TPBG-3	NA
linc-TRIP11	NA
linc-UFC1	NA
linc-UFC1	NA
linc-UFC1	NA
linc-UFC1	NA
linc-UFC1	NA
Linc-USP16	ENSG00000156256
LINK-A	LINKA
LINK-A	LINKA
LINP1	ENSG00000223784
LINP1	ENSG00000223784
LINP1	ENSG00000223784
LL22NC03-N64E9.1	NA
LL22NC03-N64E9.1	NA
Llme23	NA
Lnc_ASNR	NA
lnc_EGFR	NA
Lnc00312	NA
lnc00462717	109729140
lnc00462717	109729140
LNC00964-3	ENSG00000249816
lnc01518	NA
lnc01614	NA
Lnc01614	NA
lnc01626	NA
lnc34a	NA
LNC473	NA
lnc-ACACA-1	ENSG00000278540
lnc-AF085935	NA
lncAGER	ENSG00000204305
lnc-AL355149.1-1	NA
lnc-AL355149.1-1	NA
lncARSR	NA
lncARSR	NA
lncARSR	NA
lnc-ASTN1-1	NA
lnc-bc060912	NA
lnc-BET3L-2:1	NA
lnc-BMP2-2	NA
lncBRM	NA
LncBRM	NA
lnc-C22orf32-1	102723775
lnc-C22orf32-1	102723775
LncCAMTA1	ENSG00000237436
lncCAMTA1	ENSG00000237436
lnc-CC3	NA
lnc-CPN2-1	NA
lnc-CYP4A22-2/3	NA
lnc-DILC	DP1,
lnc-DILC	DP1,
lnc-FOXG1-2	NA
lncFOXO1	NA
lnc-FZD1-2	NA
lnc-GNAT1-1	ENSG00000114349
lncGPR107	ENSG00000196979
lncHERG	NA
lnc-HOST2	lncRNA-HOST2
lnc-HOST2	lncRNA-HOST2
lnc-HOST2	lncRNA-HOST2
lnc-HOST2	lncRNA-HOST2
Lnc-IL7R	ENSG00000168685
lnc-ITPR2-3	NA
lnc-JPH1-7	NA
lnc-KCMF1-2:1	NA
lnc-KCTD6-3	105377108
lnc-KCTD6-3	105377108
lnc-KCTD6-3	105377108
lnc-KIAA1755-5:9	NA
lnc-LCE5A-1	NA
lnc-LCE5A-1	NA
lnc-LCE5A-1	NA
lnc-LCP2-2	NA
lnc-LLPH-2:1	NA
lncMAPK6	ENSG00000069956
lnc-MBL2-4:3	101928687
lnc-MMP3-1	NA
lnc-MX1-1	NA
lnc-NKX2-3-1	NA
lncNRON	ENSG00000253079
lnc-OC1	ENSG00000163430
lnc-OC1	ENSG00000163430
lncPARP1	ENSG00000225518
lnc-PCTST	NA
lnc-PLA2R1-1:1	NA
lnc-PSD4-1:14	NA
lnc-PTMS-1:4	NA
lnc-RBMY2FP	ENSG00000243040
lncRNA00544	NA
LncRNA00673	NA
lncRNA00673	NA
lncRNA-422	NA
lncRNA-422	NA
lncRNA625	NA
lncRNA-AF147447	ENSG00000280416
lncRNA-AK058803	NA
lncRNA-AK058803	NA
lncRNA-AK058803	NA
lncRNA-AK098783	NA
LncRNA-AP001631.9	ENSG00000236663
LncRNA-AP001631.9	ENSG00000236663
lncRNA-ATB	NA
lncRNA-ATB	NA
lncRNA-ATB	NA
lncRNA-ATB	NA
lncRNA-ATB	NA
lncRNA-ATB	NA
lncRNA-ATB	NA
lncRNA-ATB	NA
lncRNA-ATB	NA
lncRNA-ATB	NA
lncRNA-ATB	NA
lncRNA-ATB	NA
lncRNA-ATB	NA
lncRNA-ATB	NA
lncRNA-ATB	NA
lncRNA-ATB	NA
lncRNA-ATB	NA
lncRNA-ATB	NA
lncRNA-ATB	NA
lncRNA-ATB	NA
lncRNA-ATB	NA
lncRNA-ATB	NA
lncRNA-ATB	NA
lncRNA-ATB	NA
lncRNA-ATB	NA
lncRNA-BCAT1	ENSG00000060982
lncRNA-BCHE	NA
lncRNA-BGL3	LINC01083,
LncRNA-BX111	NA
lncRNA-CIR	NA
lncRNA-CLMAT3	101927096
lncRNA-CLMAT3	101927096
lncRNA-CTD-2108O9.1	NA
lncRNA-DQ786227	NA
lncRNA-Dreh	NA
lncRNA-EBIC	EBIC
lncRNA-EBIC	EBIC
lncRNA-HEIH	LINC-HEIH,
lncRNA-HEIH	LINC-HEIH,
lncRNA-HEIH	LINC-HEIH,
lncRNA-HEIH	LINC-HEIH,
lncRNA-HEIH	LINC-HEIH,
lncRNA-HEIH	LINC-HEIH,
lncRNA-Hh	ENSG00000226237
lncRNA-HIT	NA
lncRNA-HIT	NA
lncRNA-HIT	NA
lncRNA-JADE	lncRNA-JADE
lncRNA-LALR1	NA
lncRNA-LET	101241892
lncRNA-LET	101241892
lncRNA-LET	101241892
lncRNA-LET	101241892
lncRNA-LET	101241892
lncRNA-LET	101241892
lncRNA-LET	101241892
lncRNA-LET	101241892
lncRNA-LET	101241892
lncRNA-LET	101241892
lncRNA-LET	101241892
lncRNA-LET	101241892
lncRNA-LET	101241892
lncRNA-LET	101241892
lncRNA-LET	101241892
lncRNA-LET	101241892
lncRNA-LET	101241892
lncRNA‐MIF	4282
lncRNA‐MIF	4282
lncRNA‐MIF	4282
lncRNA‐MIF	4282
lncRNA‐MIF	4282
lncRNA-n326322	NA
lncRNA-n336928	NA
lncRNA-NEF	NA
lncRNA-NUTF2P3-001	ENSG00000228248
lncRNA-PE	NA
lncRNA-PRAL	109245082
lncRNA-PRAL	109245082
lncRNA-PRAL	109245082
lncRNA-PRLB	NA
LncRNA-RP11-317J10.2	NA
lncRNA-RP1-13P20.6	101927988
lncRNA-RP1-13P20.6	101927988
LncRNA-SARCC	ENSG00000169860
lncRNA-SRLR	NA
lncRNA-SVUGP2	NA
lncRNA-THBS4-003	TSP4
lncRNA-TTN-AS1	ENSG00000237298
lncRNA-Unigene56159	NA
lncRNA-UNMIBC	NA
lncRNA-URHC	NA
lncRNA-URHC	NA
lncRNA-WRAP53	TCAB1,
lnc-RP3-368B9	NA
lnc-RTN4R-1	NA
lncRUNX2-AS1	ENSG00000261080
lnc-SCD-1:13	NA
lnc-SGK1	NA
lnc-SLC30A4-1	NA
LncSOX4	ENSG00000124766
LncSOX4	ENSG00000124766
lnc-Sox5	NA
lnc-Sox5	NA
lnc-SPAM1-6	NA
lncTCF7	TCONS_00009511,
lncTCF7	TCONS_00009511,
lncTCF7	TCONS_00009511,
lncTCF7	TCONS_00009511,
lncTCF7	TCONS_00009511,
lncTCF7	TCONS_00009511,
lncTCF7	TCONS_00009511,
lncTCF7	TCONS_00009511,
lncTCF7	TCONS_00009511,
Lnc-THOR	NA
Lnc-THOR	NA
Lnc-THOR	NA
LncTIC1	NA
Lnc-Tim3	NA
lnc-TIMM21-5	NA
lnc-TTC34-3	NA
lncUEGC1	NA
lncUEGC3	NA
lncUSMycN	lncUSMycN
lncWDR26	ENSG00000162923
LncZic2	ENSG00000043355
lnc-ZNF180-2	7733
lnc-ZNF674-1	ZNF673B
lnc-ZNF674-1	ZNF673B
LOC100129148	NA
LOC100130476	NA
LOC100130476	NA
LOC100131320	100131320
LOC100131320	100131320
LOC100190940	ENSG00000214039
LOC100287225	ENSG00000227115
LOC100287225	ENSG00000227115
LOC100287482	ENSG00000240204
LOC100287482	ENSG00000240204
LOC100292680	ENSG00000249628
LOC100292680	ENSG00000249628
LOC100499405	ENSG00000237248
LOC100506474	NA
LOC100507661	ENSG00000242268
LOC101927497	NA
LOC101927497	NA
LOC101928316	NA
LOC101928316	NA
LOC102723552	ENSG00000277112
LOC105369388	NA
LOC146880	NA
LOC146880	NA
LOC149086	NA
LOC149086	NA
LOC152578	ENSG00000250302
LOC152742	ENSG00000248698
LOC283070	CaM-K1,
LOC284454	NA
LOC284454	NA
LOC285629	NA
LOC285758	ENSG00000227502
LOC285758	ENSG00000227502
LOC344887	344887
LOC344887	344887
LOC389641	NA
LOC389641	NA
LOC390483	ENSG00000258692
LOC400891	ENSG00000187905
LOC401317	CREB-5
LOC440040	NA
LOC440905	NA
LOC440905	NA
LOC441178	NA
LOC441204	NA
LOC441242	NA
LOC553103	553103
LOC553103	553103
LOC554202	LncHIFCAR
LOC554202	LncHIFCAR
LOC554202	LncHIFCAR
LOC554202	LncHIFCAR
LOC554202	LncHIFCAR
LOC554202	LncHIFCAR
LOC554202	LncHIFCAR
LOC554202	LncHIFCAR
LOC554202	LncHIFCAR
LOC554202	LncHIFCAR
LOC554202	LncHIFCAR
LOC554202	LncHIFCAR
LOC554202	LncHIFCAR
LOC554202	LncHIFCAR
LOC554202	LncHIFCAR
LOC554202	LncHIFCAR
LOC572558	572558
LOC572558	572558
LOC653786	NA
LOC728290	ENSG00000243694
LOC730101	NA
LOC730101	NA
LOC90784	NA
LOXL1-AS1	ENSG00000261801
LRB1	1,T3F17.9
LSINCT1	NA
LSINCT1	NA
LSINCT10	NA
LSINCT10	NA
LSINCT11	NA
LSINCT11	NA
LSINCT12	NA
LSINCT12	NA
LSINCT2	NA
LSINCT2	NA
LSINCT3	NA
LSINCT3	NA
LSINCT4	NA
LSINCT4	NA
LSINCT5	NA
LSINCT5	NA
LSINCT5	NA
LSINCT5	NA
LSINCT5	NA
LSINCT5	NA
LSINCT5	NA
LSINCT5	NA
LSINCT5	NA
LSINCT5	NA
LSINCT5	NA
LSINCT6	NA
LSINCT6	NA
LSINCT7	NA
LSINCT7	NA
LSINCT8	NA
LSINCT8	NA
LSINCT9	NA
LSINCT9	NA
LUCAT1	106182249
LUCAT1	106182249
LUCAT1	100505994
LUCAT1	100505994
LUCAT1	100505994
LUCAT1	100505994
LUCAT1	100505994
LUCAT1	100505994
LUCAT1	100505994
LUCAT1	100505994
LUCAT1	100505994
LUNAR1	NA
LUNAR1	NA
LUNAR1	NA
M14574	beta-globin
M18204.1	NA
M26317	NA
M59227	NA
MACC1-AS1	ENSG00000228598
MAFG-AS1	ENSG00000265688
MAGI2-AS3	ENSG00000234456
MAGI2-AS3	ENSG00000234456
MALAT1	LINC00047,
MALAT1	LINC00047,
MALAT1	LINC00047,
MALAT1	LINC00047,
MALAT1	LINC00047,
MALAT1	LINC00047,
MALAT1	LINC00047,
MALAT1	LINC00047,
MALAT1	LINC00047,
MALAT1	LINC00047,
MALAT1	LINC00047,
MALAT1	LINC00047,
MALAT1	LINC00047,
MALAT1	LINC00047,
MALAT1	LINC00047,
MALAT1	LINC00047,
MALAT1	LINC00047,
MALAT1	LINC00047,
MALAT1	LINC00047,
MALAT1	LINC00047,
MALAT1	LINC00047,
MALAT1	LINC00047,
MALAT1	LINC00047,
MALAT1	LINC00047,
MALAT1	LINC00047,
MALAT1	LINC00047,
MALAT1	LINC00047,
MALAT1	LINC00047,
MALAT1	LINC00047,
MALAT1	LINC00047,
MALAT1	LINC00047,
MALAT1	LINC00047,
MALAT1	LINC00047,
MALAT1	LINC00047,
MALAT1	LINC00047,
MALAT1	LINC00047,
MALAT1	LINC00047,
MALAT1	LINC00047,
MALAT1	LINC00047,
MALAT1	LINC00047,
MALAT1	LINC00047,
MALAT1	LINC00047,
MALAT1	LINC00047,
MALAT1	LINC00047,
MALAT1	LINC00047,
MALAT1	LINC00047,
MALAT1	LINC00047,
MALAT1	LINC00047,
MALAT1	LINC00047,
MALAT1	LINC00047,
MALAT1	LINC00047,
MALAT1	LINC00047,
MALAT1	LINC00047,
MALAT1	LINC00047,
MALAT1	LINC00047,
MALAT1	LINC00047,
MALAT1	LINC00047,
MALAT1	LINC00047,
MALAT1	LINC00047,
MALAT1	LINC00047,
MALAT1	LINC00047,
MALAT1	LINC00047,
MALAT1	LINC00047,
MALAT1	LINC00047,
MALAT1	LINC00047,
MALAT1	LINC00047,
MALAT1	LINC00047,
MALAT1	LINC00047,
MALAT1	LINC00047,
MALAT1	LINC00047,
MALAT1	LINC00047,
MALAT1	LINC00047,
MALAT1	LINC00047,
MALAT1	LINC00047,
MALAT1	LINC00047,
MALAT1	LINC00047,
MALAT1	LINC00047,
MALAT1	LINC00047,
MALAT1	LINC00047,
MALAT1	LINC00047,
MALAT1	LINC00047,
MALAT1	LINC00047,
MALAT1	LINC00047,
MALAT1	LINC00047,
MALAT1	LINC00047,
MALAT1	LINC00047,
MALAT1	LINC00047,
MALAT1	LINC00047,
MALAT1	LINC00047,
MALAT1	LINC00047,
MALAT1	LINC00047,
MALAT1	LINC00047,
MALAT1	LINC00047,
MALAT1	LINC00047,
MALAT1	LINC00047,
MALAT1	LINC00047,
MALAT1	LINC00047,
MALAT1	LINC00047,
MALAT1	LINC00047,
MALAT1	LINC00047,
MALAT1	LINC00047,
MALAT1	LINC00047,
MALAT1	LINC00047,
MALAT1	LINC00047,
MALAT1	LINC00047,
MALAT1	LINC00047,
MALAT1	LINC00047,
MALAT1	LINC00047,
MALAT1	LINC00047,
MALAT1	LINC00047,
MALAT1	LINC00047,
MALAT1	LINC00047,
MALAT1	LINC00047,
MALAT1	LINC00047,
MALAT1	LINC00047,
MALAT1	LINC00047,
MALAT1	LINC00047,
MALAT1	LINC00047,
MALAT1	LINC00047,
MALAT1	LINC00047,
MALAT1	LINC00047,
MALAT1	LINC00047,
MALAT1	LINC00047,
MALAT1	LINC00047,
MALAT1	LINC00047,
MALAT1	LINC00047,
MALAT1	LINC00047,
MALAT1	LINC00047,
MALAT1	LINC00047,
MALAT1	LINC00047,
MALAT1	LINC00047,
MALAT1	LINC00047,
MALAT1	LINC00047,
MALAT1	LINC00047,
MALAT1	LINC00047,
MALAT1	LINC00047,
MALAT1	LINC00047,
MALAT1	LINC00047,
MALAT1	LINC00047,
MALAT1	LINC00047,
MALAT1	LINC00047,
MALAT1	LINC00047,
MALAT1	LINC00047,
MALAT1	LINC00047,
MALAT1	LINC00047,
MALAT1	LINC00047,
MALAT1	LINC00047,
MALAT1	LINC00047,
MALAT1	LINC00047,
MALAT1	LINC00047,
MALAT1	LINC00047,
MALAT1	LINC00047,
MALAT1	LINC00047,
MALAT1	LINC00047,
MALAT1	LINC00047,
MALAT1	LINC00047,
MALAT1	LINC00047,
MALAT1	LINC00047,
MALAT1	LINC00047,
MALAT1	LINC00047,
MALAT1	LINC00047,
MALAT1	LINC00047,
MALAT1	LINC00047,
MALAT1	LINC00047,
MALAT1	LINC00047,
MALAT1	LINC00047,
MALAT1	LINC00047,
MALAT1	LINC00047,
MALAT1	LINC00047,
MALAT1	LINC00047,
MALAT1	LINC00047,
MALAT1	LINC00047,
MALAT1	LINC00047,
MALAT1	LINC00047,
MALAT1	LINC00047,
MALAT1	LINC00047,
MALAT1	LINC00047,
MALAT1	LINC00047,
MALAT1	LINC00047,
MALAT1	LINC00047,
MALAT1	LINC00047,
MALAT1	LINC00047,
MALAT1	LINC00047,
MALAT1	LINC00047,
MALAT1	LINC00047,
MALAT1	LINC00047,
MALAT1	LINC00047,
MALAT1	LINC00047,
MALAT1	LINC00047,
MALAT1	LINC00047,
MALAT1	LINC00047,
MALAT1	LINC00047,
MALAT1	LINC00047,
MALAT1	LINC00047,
MALAT1	LINC00047,
MALAT1	LINC00047,
MALAT1	LINC00047,
MALAT1	LINC00047,
MALAT1	LINC00047,
MALAT1	LINC00047,
MALAT1	LINC00047,
MALAT1	LINC00047,
MALAT1	LINC00047,
MALAT1	LINC00047,
MALAT1	LINC00047,
MALAT1	LINC00047,
MALAT1	LINC00047,
MALAT1	LINC00047,
MALAT1	LINC00047,
MALAT1	LINC00047,
MALAT1	LINC00047,
MALAT1	LINC00047,
MALAT1	LINC00047,
MALAT1	LINC00047,
MALAT1	LINC00047,
MALAT1	LINC00047,
MALAT1	LINC00047,
MALAT1	LINC00047,
MALAT1	LINC00047,
MALAT1	LINC00047,
MALAT1	LINC00047,
MALAT1	LINC00047,
MALAT1	LINC00047,
MALAT1	LINC00047,
MALAT1	LINC00047,
MALAT1	LINC00047,
MALAT1	LINC00047,
MALAT1	LINC00047,
MALAT1	LINC00047,
MALAT1	LINC00047,
MALAT1	LINC00047,
MALAT1	LINC00047,
MALAT1	LINC00047,
MALAT1	LINC00047,
MALAT1	LINC00047,
MALAT1	LINC00047,
MALAT1	LINC00047,
MALAT1	LINC00047,
MALAT1	LINC00047,
MALAT1	LINC00047,
MALAT1	LINC00047,
MALAT1	LINC00047,
MALAT1	LINC00047,
MALAT1	LINC00047,
MALAT1	LINC00047,
MALAT1	LINC00047,
MALAT1	LINC00047,
MALAT1	LINC00047,
MALAT1	LINC00047,
MALAT1	LINC00047,
MALAT1	LINC00047,
MALAT2	NA
MA-linc1	100505636
MA-linc1	100505636
MAP3K14	HS,
MAP3K20	MLTKalpha,
MAPT-AS1	ENSG00000264589
MBNL3	ENSG00000076770
MCM3AP-AS1	ENSG00000215424
MDC1-AS	106478956
MDC1-AS	106478956
MDC1-AS	106478956
MEG3	GTL2,
MEG3	GTL2,
MEG3	GTL2,
MEG3	GTL2,
MEG3	GTL2,
MEG3	GTL2,
MEG3	GTL2,
MEG3	GTL2,
MEG3	GTL2,
MEG3	GTL2,
MEG3	GTL2,
MEG3	GTL2,
MEG3	GTL2,
MEG3	GTL2,
MEG3	GTL2,
MEG3	GTL2,
MEG3	GTL2,
MEG3	GTL2,
MEG3	GTL2,
MEG3	GTL2,
MEG3	GTL2,
MEG3	GTL2,
MEG3	GTL2,
MEG3	GTL2,
MEG3	GTL2,
MEG3	GTL2,
MEG3	GTL2,
MEG3	GTL2,
MEG3	GTL2,
MEG3	GTL2,
MEG3	GTL2,
MEG3	GTL2,
MEG3	GTL2,
MEG3	GTL2,
MEG3	GTL2,
MEG3	GTL2,
MEG3	GTL2,
MEG3	GTL2,
MEG3	GTL2,
MEG3	GTL2,
MEG3	GTL2,
MEG3	GTL2,
MEG3	GTL2,
MEG3	GTL2,
MEG3	GTL2,
MEG3	GTL2,
MEG3	GTL2,
MEG3	GTL2,
MEG3	GTL2,
MEG3	GTL2,
MEG3	GTL2,
MEG3	GTL2,
MEG3	GTL2,
MEG3	GTL2,
MEG3	GTL2,
MEG3	GTL2,
MEG3	GTL2,
MEG3	GTL2,
MEG3	GTL2,
MEG3	GTL2,
MEG3	GTL2,
MEG3	GTL2,
MEG3	GTL2,
MEG3	GTL2,
MEG3	GTL2,
MEG3	GTL2,
MEG3	GTL2,
MEG3	GTL2,
MEG3	GTL2,
MEG3	GTL2,
MEG3	GTL2,
MEG3	GTL2,
MEG3	GTL2,
MEG3	GTL2,
MEG3	GTL2,
MEG3	GTL2,
MEG3	GTL2,
MEG3	GTL2,
MEG3	GTL2,
MEG3	GTL2,
MEG3	GTL2,
MEG3	GTL2,
MEG3	GTL2,
MEG3	GTL2,
MEG3	GTL2,
MEG3	GTL2,
MEG3	GTL2,
MEG3	GTL2,
MEG3	GTL2,
MEG3	GTL2,
MEG3	GTL2,
MEG3	GTL2,
MEG3	GTL2,
MEG3	GTL2,
MEG3	GTL2,
MEG3	GTL2,
MEG3	GTL2,
MEG3	GTL2,
MEG3	GTL2,
MEG3	GTL2,
MEG3	GTL2,
MEG3	GTL2,
MEG3	GTL2,
MEG3	GTL2,
MEG3	GTL2,
MEG3	GTL2,
MEG3	GTL2,
MEG3	GTL2,
MEG3	GTL2,
MEG3	GTL2,
MEG3	GTL2,
MEG3	GTL2,
MEG3	GTL2,
MEG3	GTL2,
MEG3	GTL2,
MEG3	GTL2,
MEG3	GTL2,
MEG3	GTL2,
MEG3	GTL2,
MEG3	GTL2,
MEG3	GTL2,
MEG3	GTL2,
MEG3	GTL2,
MEG3	GTL2,
MEG3	GTL2,
MEG3	GTL2,
MEG9	100507257
MFI2	MAP97,
MFI2-AS1	NA
MGC27382	NA
MHENCR	ENSG00000232442
MIA-RAB4B	ENSG00000268975
MIAT	GOMAFU,
MIAT	GOMAFU,
MIAT	GOMAFU,
MIAT	GOMAFU,
MIAT	GOMAFU,
MIAT	GOMAFU,
MIAT	GOMAFU,
MIAT	GOMAFU,
MIAT	GOMAFU,
MIAT	GOMAFU,
MIAT	GOMAFU,
MIAT	GOMAFU,
MIAT	GOMAFU,
MINCR	100507316
MINCR	100507316
MINCR	100507316
MIR100HG	linc-NeD125,
MIR100HG	linc-NeD125,
MIR100HG	linc-NeD125,
MIR100HG	linc-NeD125,
MIR100HG	linc-NeD125,
MIR100HG	linc-NeD125,
MIR100HG	linc-NeD125,
MIR100HG	linc-NeD125,
MIR155HG	MIRHG2,
MIR155HG	MIRHG2,
MIR155HG	MIRHG2,
MIR155HG	MIRHG2,
MIR155HG	MIRHG2,
MIR17HG	FGLDS2,
MIR17HG	FGLDS2,
MIR17HG	FGLDS2,
MIR210HG	ENSG00000247095
MIR210HG	ENSG00000247095
MIR210HG	ENSG00000247095
MIR222HG	ENSG00000270069
MIR22HG	84981
MIR22HG	84981
MIR22HG	84981
MIR22HG	84981
MIR22HG	84981
MIR4697HG	283174
MIR503HG	MIR503HG2
MIR503HG	MIR503HG2
MIR503HG	MIR503HG2
MIR503HG	MIR503HG2
MLLT4-AS1	RNA
MNX1-AS1	645249
MNX1-AS1	645249
MNX1-AS1	645249
MNX1-AS1	645249
MNX1-AS1	645249
MONC	C21orf35,
MONC	C21orf35,
MRCCAT1	ENSG00000118985
MRUL	DMTF,
MSTO2P	ENSG00000203761
MT1DP	MT1J,
MT1DP	MT1J,
MT1JP	MT1J,
MT1JP	MT1J,
MT1JP	MT1J,
MT1JP	MT1J,
MUC19	NA
MUC5B-AS1	NA
MVIH	NA
MVIH	NA
MVIH	NA
MVIH	NA
MVIH	NA
MYCLo-4	NA
MYCLo-4	NA
MYCLo-4	NA
MYCLo-5	MYCLo-6
MYCLo-5	MYCLo-6
MYCLo-5	MYCLo-6
MYCLo-5	MYCLo-6
MYCLo-5	MYCLo-6
MYCLo-5	MYCLo-6
MYCLo-5	MYCLo-6
MYCLo-5	MYCLo-6
MYCLo-5	MYCLo-6
MYCLo-5	MYCLo-6
MYCNOS	N-CYM,
MYCNOS	N-CYM,
MYCNOS-01	NA
Myd88	NA
MYLK-AS1	ENSG00000239523
n333177	NA
n335550	NA
n335586	NA
n335785	NA
n340790	NA
n340790	NA
n341810	NA
n341995	NA
n369241	NA
n370764	NA
n375709	NA
n375997	NA
n376834	NA
n377806	NA
n381831	NA
n386477	NA
n410783	NA
n689	PFBMFT2,
NAG7	ERR10,
NAG7	ERR10,
NAG7	ERR10,
NAG7	ERR10,
NAG7	ERR10,
NAG7	ERR10,
NAG7	ERR10,
NALT	MIR4674HG,
NAMA	ENSG00000271086
NAMA	ENSG00000271086
NBAT1	NBAT-1
NBAT1	NBAT-1
NBAT1	NBAT-1
NBAT1	NBAT-1
NBAT1	NBAT-1
NBAT1	NBAT-1
NBAT1	NBAT-1
NBAT1	NBAT-1
N-BLR	NA
nc886	CBL3,
nc886	CBL3,
ncC11orf49	ENSG00000149179
ncHDAC5	NY-CO-9
NCK1-AS1	ENSG00000239213
ncNRFR	NA
ncRAB31	NA
NCRMS	LINC00054,
NCRMS	LINC00054,
NCRNA00028	NCRNA00028,
NCRNA00173	100287569
NCRNA00173	100287569
ncRNA-CCND1	D11S287E,
ncRuPAR	ncR-uPAR
ncRuPAR	ncR-uPAR
ncRuPAR	ncR-uPAR
ncSRPK1	NA
NEAT1	NCRNA00084,
NEAT1	NCRNA00084,
NEAT1	NCRNA00084,
NEAT1	NCRNA00084,
NEAT1	NCRNA00084,
NEAT1	NCRNA00084,
NEAT1	NCRNA00084,
NEAT1	NCRNA00084,
NEAT1	NCRNA00084,
NEAT1	NCRNA00084,
NEAT1	NCRNA00084,
NEAT1	NCRNA00084,
NEAT1	NCRNA00084,
NEAT1	NCRNA00084,
NEAT1	NCRNA00084,
NEAT1	NCRNA00084,
NEAT1	NCRNA00084,
NEAT1	NCRNA00084,
NEAT1	NCRNA00084,
NEAT1	NCRNA00084,
NEAT1	NCRNA00084,
NEAT1	NCRNA00084,
NEAT1	NCRNA00084,
NEAT1	NCRNA00084,
NEAT1	NCRNA00084,
NEAT1	NCRNA00084,
NEAT1	NCRNA00084,
NEAT1	NCRNA00084,
NEAT1	NCRNA00084,
NEAT1	NCRNA00084,
NEAT1	NCRNA00084,
NEAT1	NCRNA00084,
NEAT1	NCRNA00084,
NEAT1	NCRNA00084,
NEAT1	NCRNA00084,
NEAT1	NCRNA00084,
NEAT1	NCRNA00084,
NEAT1	NCRNA00084,
NEAT1	NCRNA00084,
NEAT1	NCRNA00084,
NEAT1	NCRNA00084,
NEAT1	NCRNA00084,
NEAT1	NCRNA00084,
NEAT1	NCRNA00084,
NEAT1	NCRNA00084,
NEAT1	NCRNA00084,
NEAT1	NCRNA00084,
NEAT1	NCRNA00084,
NEAT1	NCRNA00084,
NEAT1	NCRNA00084,
NEAT1	NCRNA00084,
NEAT1	NCRNA00084,
NEAT1	NCRNA00084,
NEAT1	NCRNA00084,
NEAT1	NCRNA00084,
NEAT1	NCRNA00084,
NEAT1	NCRNA00084,
NEAT1	NCRNA00084,
NEAT1	NCRNA00084,
NEAT1	NCRNA00084,
NEAT1	NCRNA00084,
NEAT1	NCRNA00084,
NEAT1	NCRNA00084,
NEAT1	NCRNA00084,
NEAT1	NCRNA00084,
NEAT1	NCRNA00084,
NEAT1	NCRNA00084,
NEAT1	NCRNA00084,
NEAT1	NCRNA00084,
NEAT1	NCRNA00084,
NEAT1	NCRNA00084,
NEAT1	NCRNA00084,
NEAT1	NCRNA00084,
NEAT1	NCRNA00084,
NEAT1	NCRNA00084,
NEAT1	NCRNA00084,
NEAT1	NCRNA00084,
NEAT1	NCRNA00084,
NEAT1	NCRNA00084,
NEAT1	NCRNA00084,
NEAT1	NCRNA00084,
NEAT1	NCRNA00084,
NEAT1	NCRNA00084,
NEAT1	NCRNA00084,
NEAT1	NCRNA00084,
NEST00000480069	NA
NKILA	ENSG00000278709
NKILA	ENSG00000278709
NKILA	ENSG00000278709
NKILA	ENSG00000278709
NKILA	ENSG00000278709
NKILA	ENSG00000278709
NKILA	ENSG00000278709
NKILA	ENSG00000278709
NKILA	ENSG00000278709
NKILA	ENSG00000278709
NMR	ENSG00000228750
NNT-AS1	ENSG00000248092
NNT-AS1	ENSG00000248092
NNT-AS1	ENSG00000248092
NNT-AS1	ENSG00000248092
NNT-AS1	ENSG00000248092
NNT-AS1	ENSG00000248092
NNT-AS1	ENSG00000248092
NNT-AS1	ENSG00000248092
NONHSAG001301	NA
NONHSAG005965	NA
NONHSAG006679	NA
NONHSAG010125	NA
NONHSAG011264	NA
NONHSAG016418	NA
NONHSAG019720	NA
NONHSAG019946	NA
NONHSAG028411	NA
NONHSAG031748	NA
NONHSAG034094	NA
NONHSAG040260	NA
NONHSAG041512	NA
NONHSAG043195	NA
NONHSAG048615	NA
NONHSAG048989	NA
NONHSAG051177	NA
NONHSAT006502	NA
NONHSAT008740	NA
NONHSAT012762	NA
NONHSAT018263	NA
NONHSAT024642	NA
NONHSAT037832	NA
NONHSAT040523	NA
NONHSAT062994	NA
NONHSAT066293	NA
NONHSAT066780	NA
NONHSAT076754	NA
NONHSAT082241	NA
NONHSAT083749	NA
NONHSAT095654	NA
NONHSAT104436	NA
NONHSAT107900	NA
NONHSAT112918	NA
NONHSAT123350	NA
NONHSAT125629	NA
NONHSAT125629	NA
NONHSAT126998	NA
NONHSAT129183	NA
NONHSAT142035	NA
NONHSAT147911	NA
NORAD	ASHGA5P032173
NORAD	ASHGA5P032173
NORAD	ASHGA5P032173
NORAD	ASHGA5P032173
NORAD	ASHGA5P032173
NORAD	ASHGA5P032173
NORAD	ASHGA5P032173
NORAD	ASHGA5P032173
NORAD	ASHGA5P032173
NR_002444	U66
NR_002734	26255
NR_002791	ENSG00000229847
NR_003023	mgU2-25/61
NR_003225.2	GAL3,
NR_003573	ANX2P2,
NR_003586	NA
NR_015392	ENSG00000228775
NR_015430	388011
NR_015441	NA
NR_024008.1	NA
NR_024256	ENSG00000197308
NR_024442	NA
NR_024495	BMS1LP6,
NR_026543	NA
NR_026591	REC1
NR_026660	NA
NR_026664	NA
NR_026685	STK35L2
NR_026689	NA
NR_026776	NA
NR_026817	NA
NR_027028	ENSG00000183666
NR_027105	ENSG00000249464
NR_027151	NA
NR_027182	ENSG00000272767
NR_027340	NA
NR_027340	NA
NR_027358	ENSG00000258279
NR_027775	PMS7
NR_028494	NA
NR_028500	HEL-S-133P,
NR_029373	641518
NR_029373	641518
NR_029373	641518
NR_033663	NA
NR_033878	ENSG00000256128
NR_033878	ENSG00000256128
NR_034077.1	ENSG00000251022
NR_034174	GPI-80
NR_036468.1	NA
NR_036575.1	PDE4C
NR_037144	ENSG00000134297
NR_037645.1	PDIA12,
NR_037661	NA
NR_037793.1	LRR-1,
NR_038125	CAPPB,
NR_038200	Linc-RAM,
NR_038435	ENSG00000237380
NR_038990	ENSG00000223358
NR_040001	375295
NR_040001	375295
NR_040001	375295
NR_045617	DFNX4
NR_046028	CTE1A,
NR_046321	GPRP,
NR_046711	ENSG00000224122
NR_047562	NA
NR_047677.1	NA
NR_073085	ESP1,
NR_073085	ESP1,
NR_073453	ENSG00000235180
NR_073453	ENSG00000235180
NR2F1-AS1	ENSG00000237187
NRG1	GGF,
NUMB	S171,
OGFRP1	ENSG00000182057
OIP5-AS1	linc-OIP5
OIP5-AS1	linc-OIP5
OIP5-AS1	linc-OIP5
OIP5-AS1	linc-OIP5
OIP5-AS1	linc-OIP5
OIP5-AS1	linc-OIP5
OIP5-AS1	linc-OIP5
OIP5-AS1	linc-OIP5
OIP5-AS1	linc-OIP5
OR3A4	OLFRA06,
OR3A4	OLFRA06,
OTUB1-isoform2	OTB1,
OVAL	OVAL
P14695	NA
P15INK4B	INK4B,
P16984	NA
P19780	NA
P23099	NA
P24363	NA
P28210	NA
P2RX5-TAX1BP3	ENSG00000257950
P2RX7-V3	NA
P33863	NA
p34822	NA
P4091	NA
P53RRA	NA
P6391	NA
P6488	NA
P700	NA
P8611	NA
P8860	NA
P9745	NA
PACER	PTGS2-AS1
PAGBC	NA
pancEts-1	NA
pancEts-1	NA
PANDAR	101154753
PANDAR	101154753
PANDAR	101154753
PANDAR	101154753
PANDAR	101154753
PANDAR	101154753
PANDAR	101154753
PANDAR	101154753
PANDAR	101154753
PANDAR	101154753
PANDAR	101154753
PANDAR	101154753
PANDAR	101154753
PANDAR	101154753
PANDAR	101154753
PANDAR	101154753
PANDAR	101154753
PANDAR	101154753
PANDAR	101154753
PANDAR	101154753
PANDAR	101154753
PANDAR	101154753
PAR5	GPR93,
PAR5	GPR93,
PARROT	NA
PARROT	NA
PART1	ENSG00000152931
PART1	ENSG00000152931
PART1	ENSG00000152931
PARTICLE	NA
PARTICLE	NA
PAUPAR	ENSG00000281880
PAX8-AS1-N	NA
PCA3	NCRNA00019,
PCA3	NCRNA00019,
PCA3	NCRNA00019,
PCA3	NCRNA00019,
PCA3	NCRNA00019,
PCA3	NCRNA00019,
PCA3	NCRNA00019,
PCA3	NCRNA00019,
PCA3	NCRNA00019,
PCA3	NCRNA00019,
PCA3	NCRNA00019,
PCA3	NCRNA00019,
PCA3	NCRNA00019,
PCA3	NCRNA00019,
PCA3	NCRNA00019,
PCA3	NCRNA00019,
PCA3	NCRNA00019,
PCA3	NCRNA00019,
PCA3	NCRNA00019,
PCAN-1	NA
PCAN-4	NA
PCAN-6	NA
PCAT-1	AGPAT9,
PCAT-1	AGPAT9,
PCAT-1	AGPAT9,
PCAT-1	AGPAT9,
PCAT-1	AGPAT9,
PCAT-1	AGPAT9,
PCAT-1	AGPAT9,
PCAT-1	AGPAT9,
PCAT-1	AGPAT9,
PCAT-1	AGPAT9,
PCAT-1	AGPAT9,
PCAT-1	AGPAT9,
PCAT-1	AGPAT9,
PCAT-1	AGPAT9,
PCAT-1	AGPAT9,
PCAT-1	AGPAT9,
PCAT-1	AGPAT9,
PCAT-1	AGPAT9,
PCAT-1	AGPAT9,
PCAT-1	AGPAT9,
PCAT-1	AGPAT9,
PCAT-1	AGPAT9,
PCAT-1	AGPAT9,
PCAT-1	AGPAT9,
PCAT-1	AGPAT9,
PCAT-1	AGPAT9,
PCAT-1	AGPAT9,
PCAT-1	AGPAT9,
PCAT-1	AGPAT9,
PCAT-14	ENSG00000280623
PCAT-14	ENSG00000280623
PCAT18	728606
PCAT29	ENSG00000259641
PCAT29	ENSG00000259641
PCAT29	ENSG00000259641
PCAT29	ENSG00000259641
PCAT5	TPCAT-10-36067
PCAT6	KDM5BAS1,
PCAT6	KDM5BAS1,
PCAT6	KDM5BAS1,
PCAT6	KDM5BAS1,
PCAT6	KDM5BAS1,
PCAT6	KDM5BAS1,
PCAT7	101928099
PCAT7	101928099
PCAT7	101928099
PCAT7	101928099
PCGEM1	NCRNA00071,
PCGEM1	NCRNA00071,
PCGEM1	NCRNA00071,
PCGEM1	NCRNA00071,
PCGEM1	NCRNA00071,
PCGEM1	NCRNA00071,
PCGEM1	NCRNA00071,
PCGEM1	NCRNA00071,
PCGEM1	NCRNA00071,
PCGEM1	NCRNA00071,
PCGEM1	NCRNA00071,
PCGEM1	NCRNA00071,
PCGEM1	NCRNA00071,
PCGEM1	NCRNA00071,
PCGEM1	NCRNA00071,
PCGEM1	NCRNA00071,
PCNA-AS1	PCNAAS
PCNA-AS1	PCNAAS
PCNA-AS1	PCNAAS
PCOTH	NA
PCSEAT	NA
PDIA3P	NA
PEG10	HB-1,
PEG10	HB-1,
PEG10	HB-1,
PEG10	HB-1,
PFKFB1	HL2K,
PFKFB2	ENSG00000123836
PHBP1	ENSG00000213091
PICART1	NA
PICART1	NA
PICART1	NA
PILRLS	NA
PINCR	ENSG00000224294
PLIN2	ENSG00000147872
PlncRNA-1	PlncRNA1
PlncRNA-1	PlncRNA1
PlncRNA-1	PlncRNA1
PlncRNA-1	PlncRNA1
PlncRNA-1	PlncRNA1
PlncRNA-1	PlncRNA1
PlncRNA-1	PlncRNA1
PlncRNA-1	PlncRNA1
PlncRNA-1	PlncRNA1
PlncRNA-1	PlncRNA1
PlncRNA-1	PlncRNA1
POLR2E	ENSG00000099817
POTEF-AS1	NA
POU5F1P1	OCT4PG1,
PPP3CB	CALNB,
PRAS	NA
PRC1-AS1	ENSG00000258725
PRCAT17.3	NA
PRCAT38	NA
PRINS	100169750
PRINS	100169750
PRINS	100169750
PRINS	100169750
PRNCR1	PCAT8
PRNCR1	PCAT8
PRNCR1	PCAT8
PRNCR1	PCAT8
PRNCR1	PCAT8
PRNCR1	PCAT8
PROM1	CD133,
PTAF	NA
PTCSC2	ENSG00000236130
PTCSC2	ENSG00000236130
PTCSC3	ENSG00000259104
PTCSC3	ENSG00000259104
PTCSC3	ENSG00000259104
PTCSC3	ENSG00000259104
PTCSC3	ENSG00000259104
PTCSC3	ENSG00000259104
PTCSC3	ENSG00000259104
PTENP1	PTEN2,
PTENP1	PTEN2,
PTENP1	PTEN2,
PTENP1	PTEN2,
PTENP1	PTEN2,
PTENP1	PTEN2,
PTENP1	PTEN2,
PTENP1	PTEN2,
PTENP1	PTEN2,
PTENP1	PTEN2,
PTENP1-AS	ENSG00000281128
PTPRG-AS1	ENSG00000241472
PTTG3P	ENSG00000213005
PVT1	MYC,
PVT1	MYC,
PVT1	MYC,
PVT1	MYC,
PVT1	MYC,
PVT1	MYC,
PVT1	MYC,
PVT1	MYC,
PVT1	MYC,
PVT1	MYC,
PVT1	MYC,
PVT1	MYC,
PVT1	MYC,
PVT1	MYC,
PVT1	MYC,
PVT1	MYC,
PVT1	MYC,
PVT1	MYC,
PVT1	MYC,
PVT1	MYC,
PVT1	MYC,
PVT1	MYC,
PVT1	MYC,
PVT1	MYC,
PVT1	MYC,
PVT1	MYC,
PVT1	MYC,
PVT1	MYC,
PVT1	MYC,
PVT1	MYC,
PVT1	MYC,
PVT1	MYC,
PVT1	MYC,
PVT1	MYC,
PVT1	MYC,
PVT1	MYC,
PVT1	MYC,
PVT1	MYC,
PVT1	MYC,
PVT1	MYC,
PVT1	MYC,
PVT1	MYC,
PVT1	MYC,
PVT1	MYC,
PVT1	MYC,
PVT1	MYC,
PVT1	MYC,
PVT1	MYC,
PVT1	MYC,
PVT1	MYC,
PVT1	MYC,
PVT1	MYC,
PVT1	MYC,
PVT1	MYC,
PVT1	MYC,
PVT1	MYC,
PVT1	MYC,
PVT1	MYC,
PVT1	MYC,
PVT1	MYC,
PVT1	MYC,
PVT1	MYC,
PVT1	MYC,
PVT1	MYC,
PVT1	MYC,
PVT1	MYC,
PVT1	MYC,
PVT1	MYC,
PVT1	MYC,
PVT1	MYC,
PVT1	MYC,
PVT1	MYC,
PVT1	MYC,
PVT1	MYC,
PVT1	MYC,
PVT1	MYC,
PVT1	MYC,
PVT1	MYC,
PVT1	MYC,
PVT1	MYC,
PVT1	MYC,
PVT1	MYC,
PVT1	MYC,
PVT1	MYC,
PVT1	MYC,
PVT1	MYC,
PVT1	MYC,
PVT1	MYC,
PVT1	MYC,
PVT1	MYC,
PVT1	MYC,
PVT1	MYC,
PVT1	MYC,
PVT1	MYC,
PVT1	MYC,
PVT1	MYC,
PVT1	MYC,
PVT1	MYC,
PVT1	MYC,
PVT1-5	NA
PWRN1	ENSG00000259905
R05532	NA
RAB11B-AS1	ENSG00000269386
RAD51-AS1	ENSG00000245849
RAMP2-AS1	ENSG00000197291
RBM5-AS1	100775107
RBM5-AS1	100775107
RCCRT1	NA
RCOR3-013	NA
RERT	ENSG00000171570
RERT	ENSG00000171570
RGMB-AS1	ENSG00000246763
RGMB-AS1	ENSG00000246763
RGMB-AS1	ENSG00000246763
RHPN1-AS1	78998
RHPN1-AS1	78998
RMEL3	NA
RMRP	NME1,
RMRP	NME1,
RMRP	NME1,
RMRP	NME1,
RNA95271	NA
RNCR3	157627
RNCR3	ENSG00000253230
RNCR3	ENSG00000253230
RNPC1	dJ800J21.2,
ROPNR	NA
ROR1-AS1	ENSG00000223949
RP11-10O22.2	NA
RP11-119F7.4	NA
RP11-11N9.4	NA
RP11-134G8.8	NA
RP11-134G8.8	NA
RP11-135L22.1	NA
RP11-137H2.4	NA
RP11-140I24	NA
RP11-149I23.3	NA
RP11-150O12.6	NA
RP11-160H22.5	NA
RP11-160H22.5	NA
RP11-167N4	NA
RP11-169D4.1	ENSG00000227467
RP11-169D4.1	ENSG00000227467
RP11-175D17.3.	NA
RP11-179A10.1	NA
RP11-181G12.2	ENSG00000182873
RP11-190D6.2	ENSG00000260969
RP11-190D6.2	ENSG00000260969
RP11-199F11.2	NA
RP11-19P22.6-001	ENSG00000264240
RP11-1C1.7	TCONS_00009352
RP11-210K20.5	NA
RP11-222K16.2	NA
RP11-243M5.2	NA
RP11-263F15.1	NA
RP11-284F21.7	NA
RP1130-1	107986980
RP11-304L19.5	NA
RP11-305O4.1	ENSG00000241905
RP11-325I22.2	ENSG00000250584
RP11-334E6.12	NA
RP11-334E6.12	NA
RP11-345L23.1	NA
RP11-351J23.1	NA
RP11-357H14.17	NA
RP11-359E19.2	NA
RP11-363E7.4	NA
RP11-363E7.4	NA
RP11-366H4.1.1	NA
RP11-381N20.2	NA
RP11-385J1.2	ENSG00000237978
RP11-396F22.1	NA
RP11-397D12.4	ENSG00000224648
RP11-400N13.3	ENSG00000232679
RP11-401P9.4	NA
RP11-402L6.1	NA
RP11-434D9.1	NA
RP11-436H11.5	NA
RP11-445H22.4	ENSG00000244558
RP11-445H22.4	ENSG00000244558
RP11-44F21.5	ENSG00000260265
RP11-44F21.5	ENSG00000260265
RP11-44I10.5	NA
RP11-44K6.4	NA
RP11-466I1.1	NA
RP11-473M20.11	NA
RP11-499F3.2	NA
RP11-499F3.2	NA
RP11-501G6.1	NA
RP11-501O2	NA
RP11-50B3.2	NA
RP11-528G1.2	NA
RP1-153P14.5	NA
RP11-552M11.4	NA
RP11-567G11.1	ENSG00000228952
RP11-58D2.1	ENSG00000242767
RP11-600K15.1	ENSG00000253658
RP11-600K15.1	ENSG00000253658
RP11-60H5.1	ENSG00000260840
RP11-624C23.1	NA
RP11-62F24	NA
RP11-643M14.1	NA
RP11-672F9.1	NA
RP11-680F20.5	NA
RP11-680F20.6	ENSG00000283703
RP11-68I18.10	NA
RP11-708H21.4	NA
RP11-713B9.1	NA
RP11-766N7.4	ENSG00000248995
RP11-789C1.1	ENSG00000250266
RP11-789C1.1	ENSG00000250266
RP11-79H23.3	NA
RP1-179N16.3	NA
RP11-7K24.3	NA
RP11-838N2.4	NA
RP11-838N2.4	NA
RP11-893F2.6	ENSG00000251085
RP11-89K21.1	RP11-89
RP11-8L2.1	NA
RP11-909B2.1	ENSG00000266952
RP11-909N17.3	104326051
RP11-909N17.3	104326051
RP1-193H18.2	NA
RP11-94C24.10	ENSG00000250107
RP11-94C24.10	ENSG00000250107
RP11-982M15.2	NA
RP1-317E23.3	NA
RP13-39P12.2	ENSG00000213513
RP13-514E23.1	NA
RP1-4514.2	NA
RP1-4514.2	NA
RP1-90D4.3	NA
RP3-323P13.2	100507308
RP3-323P13.2	100507308
RP3-508I15.14	NA
RP4	NA
RP4-575N6.5	NA
RP4-583P15.10	NA
RP4-781K5.4	NA
RP5-1014O16.1	NA
RP5-1024C24.1	ENSG00000254489
RP5-1024C24.1	ENSG00000254489
RP5-826L7.1	NA
RP5-833A20.1	ENSG00000237853
RP5-884M6.1	NA
RP5-919F19	NA
RP5-919F19	NA
RPL34-AS1	285456
RPL34-AS1	285456
RPL34-AS1	285456
RPLP0P2	RPLP0_3_1146
RPLP0P2	RPLP0_3_1146
RPPH1	ENSG00000277209
RRP1B	NNP1L,
RSU1P2	ENSG00000232554
RUNDC3A-AS1	ENSG00000267750
RUNXOR	NA
SAMMSON	ENSG00000240405
SAP30L-AS1	ENSG00000245275
SATB2-AS1	ENSG00000225953
SBDSP1	NA
SBDSP1	NA
SBF2-AS1	ENSG00000246273
SBF2-AS1	ENSG00000246273
SBF2-AS1	ENSG00000246273
SchLAH	SchLAH,
SChLAP1	PCAT11,
SChLAP1	PCAT11,
SChLAP1	PCAT11,
SChLAP1	PCAT11,
SChLAP1	PCAT11,
SChLAP1	PCAT11,
SChLAP1	PCAT11,
SDMGC	NA
SDPR-AS	NA
SERHL	ENSG00000172250
SFTA1P	NA
SFTA1P	NA
SFTA1P	NA
SH3PXD2A-AS1	ENSG00000280693
SH3PXD2A-AS1	ENSG00000280693
SIRT1-AS	NA
SKAI1BC	NA
Skp2	FBXL1,
SLC25A25-AS1	ENSG00000234771
SLC25A25-AS1	ENSG00000234771
SLC25A27	NA
SLC6A9-5:2	GLYT1
SLC7A11-AS1	ENSG00000250033
SLC7A6	LAT3,
SLCO4A1-AS1	ENSG00000232803
SLINKY	NA
SMARCC2	ENSG00000139613
snaR	NA
snaR	NA
SND1	Tudor-SN,
SNHG1	NCRNA00057,
SNHG1	NCRNA00057,
SNHG1	NCRNA00057,
SNHG1	NCRNA00057,
SNHG1	NCRNA00057,
SNHG1	NCRNA00057,
SNHG1	NCRNA00057,
SNHG1	NCRNA00057,
SNHG1	NCRNA00057,
SNHG1	NCRNA00057,
SNHG1	NCRNA00057,
SNHG1	NCRNA00057,
SNHG1	NCRNA00057,
SNHG1	NCRNA00057,
SNHG1	NCRNA00057,
SNHG1	NCRNA00057,
SNHG1	NCRNA00057,
SNHG1	NCRNA00057,
SNHG1	NCRNA00057,
SNHG1	NCRNA00057,
SNHG1	NCRNA00057,
SNHG1	NCRNA00057,
SNHG1	NCRNA00057,
SNHG1	NCRNA00057,
SNHG1	NCRNA00057,
SNHG1	NCRNA00057,
SNHG1	NCRNA00057,
SNHG1	NCRNA00057,
SNHG12	C1orf79,
SNHG12	C1orf79,
SNHG12	C1orf79,
SNHG12	C1orf79,
SNHG12	C1orf79,
SNHG12	C1orf79,
SNHG12	C1orf79,
SNHG12	C1orf79,
SNHG12	C1orf79,
SNHG12	C1orf79,
SNHG12	C1orf79,
SNHG12	C1orf79,
SNHG12	C1orf79,
SNHG12	C1orf79,
SNHG14	ENSG00000224078
SNHG14	ENSG00000224078
SNHG14	ENSG00000224078
SNHG14	ENSG00000224078
SNHG15	Linc-Myo1g,
SNHG15	Linc-Myo1g,
SNHG15	Linc-Myo1g,
SNHG15	Linc-Myo1g,
SNHG15	Linc-Myo1g,
SNHG15	Linc-Myo1g,
SNHG15	Linc-Myo1g,
SNHG15	Linc-Myo1g,
SNHG15	Linc-Myo1g,
SNHG15	Linc-Myo1g,
SNHG15	Linc-Myo1g,
SNHG15	Linc-Myo1g,
SNHG16	Nbla12061,
SNHG16	Nbla12061,
SNHG16	Nbla12061,
SNHG16	Nbla12061,
SNHG16	Nbla12061,
SNHG16	Nbla12061,
SNHG16	Nbla12061,
SNHG16	Nbla12061,
SNHG16	Nbla12061,
SNHG16	Nbla12061,
SNHG16	Nbla12061,
SNHG16	Nbla12061,
SNHG16	Nbla12061,
SNHG16	Nbla12061,
SNHG17	ENSG00000196756
SNHG18	ENSG00000250786
SNHG20	LINC00338,
SNHG20	LINC00338,
SNHG20	LINC00338,
SNHG20	LINC00338,
SNHG20	LINC00338,
SNHG20	LINC00338,
SNHG20	LINC00338,
SNHG20	LINC00338,
SNHG3	RNU17C,
SNHG3	RNU17C,
SNHG3	RNU17C,
SNHG5	LINC00044,
SNHG5	LINC00044,
SNHG5	LINC00044,
SNHG5	LINC00044,
SNHG5	LINC00044,
SNHG5	LINC00044,
SNHG5	LINC00044,
SNHG5	LINC00044,
SNHG5	LINC00044,
SNHG5	LINC00044,
SNHG6	NCRNA00058,
SNHG6	NCRNA00058,
SNHG6	NCRNA00058,
SNHG6	NCRNA00058,
SNHG6	NCRNA00058,
SNHG6	NCRNA00058,
SNHG6	NCRNA00058,
SNHG6	NCRNA00058,
SNHG7	84973
SNHG7	84973
SNHG7	84973
SNHG7	84973
SNHG7	84973
SNHG7	84973
SNHG7	84973
SNHG7	84973
SNHG7	84973
SNHG7	84973
SNHG8	NCRNA00060
SNHG8	NCRNA00060
SNHG8	NCRNA00060
SNHG8	NCRNA00060
SNHG8	NCRNA00060
SOCS2-AS1	ENSG00000246985
SOX2	ENSG00000181449
SOX21-AS1	ENSG00000227640
SOX21-AS1	ENSG00000227640
SOX21-AS1	ENSG00000227640
SOX21-AS1	ENSG00000227640
SOX2OT	SOX2OT
SOX2OT	SOX2OT
SOX2OT	SOX2OT
SOX2OT	SOX2OT
SOX2OT	SOX2OT
SOX2OT	SOX2OT
SOX2OT	SOX2OT
SOX2OT	SOX2OT
SOX2OT	SOX2OT
SOX2OT	SOX2OT
SOX2OT	SOX2OT
SOX2OT	SOX2OT
SOX2OT	SOX2OT
SOX2OT	SOX2OT
SOX2OT	SOX2OT
SOX2OT	SOX2OT
SOX2OT	SOX2OT
SOX2OT	SOX2OT
SOX2OT	SOX2OT
SOX2OT	SOX2OT
SOX2OT	SOX2OT
SOX2OT	SOX2OT
SOX2OT	SOX2OT
SOX2OT	SOX2OT
SOX2OT	SOX2OT
SOX2OT	SOX2OT
SOX2OT	SOX2OT
SOX2OT	SOX2OT
SOX2OT	SOX2OT
SOX2OTV7	NA
SPRY4-IT1	100642175
SPRY4-IT1	100642175
SPRY4-IT1	100642175
SPRY4-IT1	100642175
SPRY4-IT1	100642175
SPRY4-IT1	100642175
SPRY4-IT1	100642175
SPRY4-IT1	100642175
SPRY4-IT1	100642175
SPRY4-IT1	100642175
SPRY4-IT1	100642175
SPRY4-IT1	100642175
SPRY4-IT1	100642175
SPRY4-IT1	100642175
SPRY4-IT1	100642175
SPRY4-IT1	100642175
SPRY4-IT1	100642175
SPRY4-IT1	100642175
SPRY4-IT1	100642175
SPRY4-IT1	100642175
SPRY4-IT1	100642175
SPRY4-IT1	100642175
SPRY4-IT1	100642175
SPRY4-IT1	100642175
SPRY4-IT1	100642175
SPRY4-IT1	100642175
SPRY4-IT1	100642175
SPRY4-IT1	100642175
SPRY4-IT1	100642175
SPRY4-IT1	100642175
SPRY4-IT1	100642175
SPRY4-IT1	100642175
SPRY4-IT1	100642175
SPRY4-IT1	100642175
SPRY4-IT1	100642175
SPRY4-IT1	100642175
SPRY4-IT1	100642175
SPRY4-IT1	100642175
SPRY4-IT1	100642175
SRA1	SRAP,
SRA1	SRAP,
SRA1	SRAP,
SRA1	SRAP,
SRA1	SRAP,
SRA1	SRAP,
SRA1	SRAP,
SRGN	PRG,
SRHC	NA
SRHC	NA
SSTR5-AS1	ENSG00000261713
SSTR5-AS1	ENSG00000261713
ST3GAL6-AS1	ENSG00000239445
ST7OT1	ST7OT1
STAIR1	NA
STAIR15	NA
STAIR18	NA
STAIR2	NA
STAIR6	NA
STARD13	DLC2,
STCAT3	NA
SUMO1P3	ENSG00000235082
SUMO1P3	ENSG00000235082
SUMO1P3	ENSG00000235082
SUMO1P3	ENSG00000235082
SUMO1P3	ENSG00000235082
SUZ12P1	NA
SUZ12P1	NA
T-ALL-R-LncR1	NA
TATDN1	NA
TC0100223	NA
TC0101441	ENSG00000230550
TC0101441	ENSG00000230550
TC0101441	ENSG00000230550
TC0101441	ENSG00000230550
TC0101686	NA
TC0101686	NA
TC1500845	NA
TCL6	TNG2
TCL6	TNG2
TCONS_00000171	NA
TCONS_00000489	NA
TCONS_00001200	NA
TCONS_00001368	NA
TCONS_00001798	NA
TCONS_00007503	NA
TCONS_00010232	NA
TCONS_00013521	NA
TCONS_00013572	NA
TCONS_00014512	NA
TCONS_00014652	NA
TCONS_00014978	NA
TCONS_00017817	NA
TCONS_00018278	105378425
TCONS_00018436	NA
TCONS_00020457	NA
TCONS_00021730	NA
TCONS_00022787	NA
TCONS_00023505	NA
TCONS_00024647	NA
TCONS_00024700	NA
TCONS_00026506	NA
TCONS_00026907	NA
TCONS_00027978	NA
TCONS_00028879	NA
TCONS_00029080	NA
TCONS_00029080	NA
TCONS_00068220	NA
TCONS_00090092_MEG3	NA
TCONS_12_00012336	NA
TCONS_I2_00010170	NA
TCONS_l2_00000179	NA
TCONS_l2_00003938	NA
TCONS_l2_00004424	NA
TCONS_l2_00006843	NA
TCONS_l2_00008966	NA
TCONS_l2_00010365	NA
TCONS_l2_00013005	NA
TCONS_l2_00014091	NA
TCONS_l2_00018070	NA
TCONS_l2_00018071	NA
TCONS_l2_00020565	NA
TCONS_l2_00021262	NA
TCONS_l2_00022545	NA
TCONS_l2_00030560	NA
TCONS_l2_00030809	NA
TDRG1	NA
TDRG1	ENSG00000204091
TDRG1	ENSG00000204091
TFPI2AS1	NA
TI09485	NA
TI10124	NA
TI13831	NA
TI18318	NA
TI21327	NA
TI22687	NA
TINCR	LINC00036,
TINCR	NCRNA00036,
TINCR	NCRNA00036,
TINCR	NCRNA00036,
TINCR	NCRNA00036,
TINCR	NCRNA00036,
TINCR	NCRNA00036,
TINCR	NCRNA00036,
TINCR	NCRNA00036,
TINCR	NCRNA00036,
TINCR	NCRNA00036,
TINCR	NCRNA00036,
TINCR	NCRNA00036,
TINCR	NCRNA00036,
TINCR	NCRNA00036,
TINCR	NCRNA00036,
TM4SF1-AS1	ENSG00000240541
TMEVPG1	NEST,
TNFAIP3	ENSG00000118503
TNRC6C-AS1	ENSG00000204282
TNXA	HXBL,
TP53TG1	NCRNA00096,
TP53TG1	NCRNA00096,
TP53TG1	NCRNA00096,
TP53TG1	NCRNA00096,
TP53TG1	NCRNA00096,
TP53TG1	NCRNA00096,
TP73-AS1	PDAM
TP73-AS1	PDAM
TP73-AS1	PDAM
TP73-AS1	PDAM
TP73-AS1	PDAM
TP73-AS1	PDAM
TP73-AS1	PDAM
TP73-AS1	PDAM
TP73-AS1	PDAM
TP73-AS1	PDAM
TP73-AS1	PDAM
TP73-AS1	PDAM
TP73-AS1	PDAM
TP73-AS1	PDAM
TP73-AS1	PDAM
TP73-AS1	PDAM
TPM1-AS	ENSG00000259498
TPT1-AS1	ENSG00000170919
TPT1-AS1	ENSG00000170919
TRERNA1	treRNA
TRERNA1	treRNA
TRERNA1	treRNA
TRERNA1	treRNA
TRPM2-AS	101928607
TRPM2-AS	101928607
TRPM2-AS	101928607
TRPM2-AS	101928607
TRPM2-AS	101928607
TSLC1-AS1	NA
TSNAX-DISC1	ENSG00000270106
TUBA4B	NA
TUBA4B	NA
TUBA4B	NA
TUBB2A	ENSG00000137267
TUC338	ENSG00000282977
TUC338	ENSG00000282977
TUC338	ENSG00000282977
TUC338	ENSG00000282977
TUC338	ENSG00000282977
TUC339	NA
TUG1	NCRNA00080,
TUG1	NCRNA00080,
TUG1	NCRNA00080,
TUG1	NCRNA00080,
TUG1	NCRNA00080,
TUG1	NCRNA00080,
TUG1	NCRNA00080,
TUG1	NCRNA00080,
TUG1	NCRNA00080,
TUG1	NCRNA00080,
TUG1	NCRNA00080,
TUG1	NCRNA00080,
TUG1	NCRNA00080,
TUG1	NCRNA00080,
TUG1	NCRNA00080,
TUG1	NCRNA00080,
TUG1	NCRNA00080,
TUG1	NCRNA00080,
TUG1	NCRNA00080,
TUG1	NCRNA00080,
TUG1	NCRNA00080,
TUG1	NCRNA00080,
TUG1	NCRNA00080,
TUG1	NCRNA00080,
TUG1	NCRNA00080,
TUG1	NCRNA00080,
TUG1	NCRNA00080,
TUG1	NCRNA00080,
TUG1	NCRNA00080,
TUG1	NCRNA00080,
TUG1	NCRNA00080,
TUG1	NCRNA00080,
TUG1	NCRNA00080,
TUG1	NCRNA00080,
TUG1	NCRNA00080,
TUG1	NCRNA00080,
TUG1	NCRNA00080,
TUG1	NCRNA00080,
TUG1	NCRNA00080,
TUG1	NCRNA00080,
TUG1	NCRNA00080,
TUG1	NCRNA00080,
TUG1	NCRNA00080,
TUG1	NCRNA00080,
TUG1	NCRNA00080,
TUG1	NCRNA00080,
TUG1	NCRNA00080,
TUG1	NCRNA00080,
TUG1	NCRNA00080,
TUG1	NCRNA00080,
TUG1	NCRNA00080,
TUG1	NCRNA00080,
TUG1	NCRNA00080,
TUG1	NCRNA00080,
TUG1	NCRNA00080,
TUG1	NCRNA00080,
TUG1	NCRNA00080,
TUG1	NCRNA00080,
TUG1	NCRNA00080,
TUG1	NCRNA00080,
TUG1	NCRNA00080,
TUG1	NCRNA00080,
TUG1	NCRNA00080,
TUG1	NCRNA00080,
TUG1	NCRNA00080,
TUG1	NCRNA00080,
TUG1	NCRNA00080,
TUG1	NCRNA00080,
TUG1	NCRNA00080,
TUG1	NCRNA00080,
TUG1	NCRNA00080,
TUNAR	LINC00617,
TUNAR	LINC00617,
TUNAR	LINC00617,
TUNAR	LINC00617,
TUSC7	LSAMP-AS1,
TUSC7	LSAMP-AS1,
TUSC7	LSAMP-AS1,
TUSC7	LSAMP-AS1,
TUSC7	LSAMP-AS1,
TUSC7	LSAMP-AS1,
TUSC7	LSAMP-AS1,
TUSC7	LSAMP-AS1,
TUSC7	LSAMP-AS1,
TUSC7	LSAMP-AS1,
TUSC7	LSAMP-AS1,
TUSC7	LSAMP-AS1,
TUSC7	LSAMP-AS1,
TUSC7	LSAMP-AS1,
TUSC7	LSAMP-AS1,
TUSC7	LSAMP-AS1,
TUSC7	LSAMP-AS1,
TUSC7	LSAMP-AS1,
TUSC7	LSAMP-AS1,
TUSC7	LSAMP-AS1,
U47924.27	105369635
u50535	NA
UBE2CP3	ENSG00000250384
UBE2CP3	ENSG00000250384
uc.134	NA
uc.195+	NA
uc.217+A	NA
uc.283-plus	NA
uc.324	NA
uc.338	NA
uc.338	NA
uc.338	NA
uc.339+	NA
uc.341	NA
uc.345	NA
uc.38	NA
uc.388	NA
uc.57	ENSG00000205696
uc.63	ENSG00000250106
uc.73	NA
uc.8+	ENSG00000282591
uc001guz.2	NA
uc001gzl.3	NA
UC001kfo	uc001kfo.1
UC001kfo	uc001kfo.1
UC001kfo	uc001kfo.1
uc001kpt.2	NA
uc001lsz	NA
uc001lsz	NA
uc001lsz	NA
uc001lsz	NA
uc001ncr	NA
uc001vjj.1	NA
uc002cds.2	NA
uc002mbe.2	Huh7,
uc002mbe.2	Huh7,
uc002mbe.2	Huh7,
uc002pyc	uc002pyc
uc002pyc	uc002pyc
uc002sts.4	NA
uc002vje.1	ENSG00000228135
uc002yug.2	NA
uc002yug.2	NA
uc002ywy.3	NA
uc003bgl.1	CTA-941F9.9
uc003dtq.3	NA
uc003ebe.1	NA
uc003erl.1	NA
uc003hhv.1	NA
uc003iqu	NA
uc003jfz.2	NA
uc003opf.1	FLJ41649
uc003qef.1	NA
uc003tfx	NA
uc003txt.3	NA
uc003wbd	NA
uc003xut	NA
uc003yqb.1	HCCC11_v1,
uc004bbl.1	NA
uc004bdv.3	CG-6,
uc004cox.4	NA
uc009wkz.1	NA
uc010arh.1	NA
uc010lgv.1	NA
uc010zye.1	ENSG00000235621
UC011CLY.2	100288152
uc021pbg.1	NA
uc021re1.1	NA
uc021zkp.1	NA
UCA1	LINC00178,
UCA1	LINC00178,
UCA1	LINC00178,
UCA1	LINC00178,
UCA1	LINC00178,
UCA1	LINC00178,
UCA1	LINC00178,
UCA1	LINC00178,
UCA1	LINC00178,
UCA1	LINC00178,
UCA1	LINC00178,
UCA1	LINC00178,
UCA1	LINC00178,
UCA1	LINC00178,
UCA1	LINC00178,
UCA1	LINC00178,
UCA1	LINC00178,
UCA1	LINC00178,
UCA1	LINC00178,
UCA1	LINC00178,
UCA1	LINC00178,
UCA1	LINC00178,
UCA1	LINC00178,
UCA1	LINC00178,
UCA1	LINC00178,
UCA1	LINC00178,
UCA1	LINC00178,
UCA1	LINC00178,
UCA1	LINC00178,
UCA1	LINC00178,
UCA1	LINC00178,
UCA1	LINC00178,
UCA1	LINC00178,
UCA1	LINC00178,
UCA1	LINC00178,
UCA1	LINC00178,
UCA1	LINC00178,
UCA1	LINC00178,
UCA1	LINC00178,
UCA1	LINC00178,
UCA1	LINC00178,
UCA1	LINC00178,
UCA1	LINC00178,
UCA1	LINC00178,
UCA1	LINC00178,
UCA1	LINC00178,
UCA1	LINC00178,
UCA1	LINC00178,
UCA1	LINC00178,
UCA1	LINC00178,
UCA1	LINC00178,
UCA1	LINC00178,
UCA1	LINC00178,
UCA1	LINC00178,
UCA1	LINC00178,
UCA1	LINC00178,
UCA1	LINC00178,
UCA1	LINC00178,
UCA1	LINC00178,
UCA1	LINC00178,
UCA1	LINC00178,
UCA1	LINC00178,
UCA1	LINC00178,
UCA1	LINC00178,
UCA1	LINC00178,
UCA1	LINC00178,
UCA1	LINC00178,
UCA1	LINC00178,
UCA1	LINC00178,
UCA1	LINC00178,
UCA1	LINC00178,
UCA1	LINC00178,
UCA1	LINC00178,
UCA1	LINC00178,
UCA1	LINC00178,
UCA1	LINC00178,
UCA1	LINC00178,
UCA1	LINC00178,
UCA1	LINC00178,
UCA1	LINC00178,
UCA1	LINC00178,
UCA1	LINC00178,
UCA1	LINC00178,
UCA1	LINC00178,
UCA1	LINC00178,
UCA1	LINC00178,
UCA1	LINC00178,
UCA1	LINC00178,
UCA1	LINC00178,
UCA1	LINC00178,
UCA1	LINC00178,
UCA1	LINC00178,
UCA1	LINC00178,
UCA1	LINC00178,
UCA1	LINC00178,
UCA1	LINC00178,
UCA1	LINC00178,
UCA1	LINC00178,
UCA1	LINC00178,
UCA1	LINC00178,
UCA1	LINC00178,
UCA1	LINC00178,
UCA1	LINC00178,
UCA1	LINC00178,
UCA1	LINC00178,
UCA1	LINC00178,
UCA1	LINC00178,
UCA1	LINC00178,
UCA1	LINC00178,
UCA1	LINC00178,
UCA1	LINC00178,
UCA1	LINC00178,
UCA1	LINC00178,
UCA1	LINC00178,
UCA1	LINC00178,
UCA1	LINC00178,
UCA1	LINC00178,
UCA1	LINC00178,
UCA1	LINC00178,
UCA1	LINC00178,
UCA1	LINC00178,
UCA1	LINC00178,
UCA1	LINC00178,
UCA1	LINC00178,
UCA1	LINC00178,
UCA1	LINC00178,
UCA1	LINC00178,
UCA1	LINC00178,
UCA1	LINC00178,
UCA1	LINC00178,
UCA1	LINC00178,
UCA1	LINC00178,
UCA1	LINC00178,
UCA1	LINC00178,
UCA1	LINC00178,
UCA1	LINC00178,
UCA1	LINC00178,
UCA1	LINC00178,
UCA1	LINC00178,
UCA1	LINC00178,
UCA1	LINC00178,
UCA1	LINC00178,
UCA1	LINC00178,
UCA1	LINC00178,
UCC	NA
ucoo2kmd.1	NA
UICLM	NA
UM9-5	ENSG00000280650
Unigene1654	NA
Unigene6644	NA
Unigene6646	NA
UXT-AS1	ENSG00000267064
VELUCT	NA
VIM-AS1	ENSG00000229124
VPS9D1-AS1	NA
VPS9D1-AS1	NA
VPS9D1-AS1	100128881
VPS9D1-AS1	100128881
WDFY3-AS2	FBI4,
WISP1-AS1	NA
WT1-AS	WIT1,
WT1-AS	WIT1,
WT1-AS	WIT1,
WT1-AS	WIT1,
WT1-AS	WIT1,
WT1-AS	WIT1,
WT1-AS	WIT1,
X15675	NA
XIAP-AS1	ENSG00000237331
XIST	DXS399E,
XIST	DXS399E,
XIST	DXS399E,
XIST	DXS399E,
XIST	DXS399E,
XIST	DXS399E,
XIST	DXS399E,
XIST	DXS399E,
XIST	DXS399E,
XIST	DXS399E,
XIST	DXS399E,
XIST	DXS399E,
XIST	DXS399E,
XIST	DXS399E,
XIST	DXS399E,
XIST	DXS399E,
XIST	DXS399E,
XIST	DXS399E,
XIST	DXS399E,
XIST	DXS399E,
XIST	DXS399E,
XIST	DXS399E,
XIST	DXS399E,
XIST	DXS399E,
XIST	DXS399E,
XIST	DXS399E,
XIST	DXS399E,
XIST	DXS399E,
XIST	DXS399E,
XIST	DXS399E,
XIST	DXS399E,
XIST	DXS399E,
XIST	DXS399E,
XIST	DXS399E,
XIST	DXS399E,
XIST	DXS399E,
XIST	DXS399E,
XIST	DXS399E,
XIST	DXS399E,
XIST	DXS399E,
XIST	DXS399E,
XIST	DXS399E,
XIST	DXS399E,
XIST	DXS399E,
XIST	DXS399E,
XIST	DXS399E,
XIST	DXS399E,
XIST	DXS399E,
XIST	DXS399E,
XIST	DXS399E,
XIST	DXS399E,
XIST	DXS399E,
XIST	DXS399E,
XIST	DXS399E,
XIST	DXS399E,
XIST	DXS399E,
XIST	DXS399E,
XIST	DXS399E,
XIST	DXS399E,
XIST	DXS399E,
XIST	DXS399E,
XIST	DXS399E,
XLOC_000303	101927477
XLOC_000371	linc-FAM72B-3
XLOC_000575	NA
XLOC_000647	NA
XLOC_000983	NA
XLOC_001125	linc-GLT25D2-1
XLOC_002680	linc-PTPRG-1
XLOC_003147	linc-PRICKLE2-2
XLOC_003286	linc-IGSF10-1
XLOC_003364	linc-BCL6-5
XLOC_003378	linc-ATP13A4-2
XLOC_003405	linc-BDH1-3
XLOC_005070	linc-NUDCD2-1
XLOC_005104	NA
XLOC_005151	linc-RREB1-3
XLOC_005303	linc-ENPP4-1
XLOC_005327	XLOC_005327
XLOC_005327	XLOC_005327
XLOC_005774	NA
XLOC_005810	linc-LAMA4-2
XLOC_006074	linc-ADCY1-2
XLOC_006324	linc-VIPR2-2
XLOC_006390	linc-HOXA11
XLOC_006390	linc-HOXA11
XLOC_006815	linc-CLVS1
XLOC_006844	NCRNA00249,
XLOC_007697	NA
XLOC_007697	NA
XLOC_007896	linc-NOTCH1-1
XLOC_008395	NA
XLOC_008395	NA
XLOC_008466	NA
XLOC_008466	NA
XLOC_008559	NA
XLOC_008559	NA
XLOC_009537	linc-DCUN1D5-3
XLOC_009911	NA
XLOC_009911	NA
XLOC_010235	linc-CCDC92-2
XLOC_010235	linc-CCDC92-2
XLOC_010235	linc-CCDC92-2
XLOC_010271	linc-STX2-3
XLOC_010588	XLOC_010588
XLOC_010588	XLOC_010588
XLOC_010588	XLOC_010588
XLOC_010967	NA
XLOC_011327	linc-ARNT2
XLOC_011513	NA
XLOC_012255	linc-PCTP
XLOC_013014	100128139
XLOC_014172	linc-RGL4-6
XLOC_014515	ENSG00000110244
XLOC_015969	NA
XLOC_017603	NA
XLOC_025829	NA
XLOC_036685	NA
XLOC_039890	NA
XLOC_041133	NA
XLOC_043612	NA
XLOC_049106	ENSG00000104497
XLOC_051122	NA
XLOC_054458	NA
XLOC_055355	NA
XLOC_095641	NA
XLOC_100055	NA
XLOC_109034	NA
XLOC_124135	NA
XLOC_124812	NA
XLOC_l2_004072	NA
XLOC_l2_007456	NA
XLOC_l2_012621	NA
XLOC_l2_014024	NA
XLOC014172	NA
XPLAID	NA
XR_241594.1	ENSG00000243550
XR_248864.1	ENSG00000233154
XR_250621.1	NA
Y3	Y3
Yiya	Yiya
Yiya	Yiya
Z38	C3orf4,
Z38	C3orf4,
Z38	C3orf4,
Z82214.3	NA
ZEB1	ENSG00000148516
ZEB1-AS1	ENSG00000237036
ZEB1-AS1	ENSG00000237036
ZEB1-AS1	ENSG00000237036
ZEB1-AS1	ENSG00000237036
ZEB1-AS1	ENSG00000237036
ZEB1-AS1	ENSG00000237036
ZEB1-AS1	ENSG00000237036
ZEB1-AS1	ENSG00000237036
ZEB1-AS1	ENSG00000237036
ZEB1-AS1	ENSG00000237036
ZEB1-AS1	ENSG00000237036
ZEB1-AS1	ENSG00000237036
ZEB1-AS1	ENSG00000237036
ZEB1-AS1	ENSG00000237036
ZEB1-AS1	ENSG00000237036
ZEB1-AS1	ENSG00000237036
ZEB1-AS1	ENSG00000237036
ZEB2-AS1	ZEB2AS,
ZEB2-AS1	ZEB2AS,
ZEB2-AS1	ZEB2AS,
ZEB2-AS1	ZEB2AS,
ZEB2-AS1	ZEB2AS,
ZEB2-AS3	NA
ZFAS1	HSUP1,
ZFAS1	HSUP1,
ZFAS1	HSUP1,
ZFAS1	HSUP1,
ZFAS1	HSUP1,
ZFAS1	HSUP1,
ZFAS1	HSUP1,
ZFAS1	HSUP1,
ZFAS1	HSUP1,
ZFAS1	HSUP1,
ZFAS1	HSUP1,
ZFAS1	HSUP1,
ZFAS1	HSUP1,
ZFAS1	HSUP1,
ZFAS1	HSUP1,
ZFAS1	HSUP1,
ZFAS1	HSUP1,
ZFAS1	HSUP1,
ZFAS1	HSUP1,
ZFAS1	HSUP1,
ZFAS1	HSUP1,
ZFAS1	HSUP1,
ZFAS1	HSUP1,
ZFAS1	HSUP1,
ZFAS1	HSUP1,
ZFAS1	HSUP1,
ZFAS1	HSUP1,
ZFAS1	HSUP1,
ZFPM2-AS1	ENSG00000251003
ZMAT1	ENSG00000166432
ZNF295-AS1	NCRNA00318,
ZNF300P1	ENSG00000197083
ZNF663P	ENSG00000215452
ZNF667-AS1	ENSG00000166770
ZNF674-AS1	ENSG00000230844
ZNF674-AS1	ENSG00000230844
ZNF750	NA
ZNF750	NA
ZNF750	NA
ZNF750	NA
ZNRD1-AS1	HCG8,
ZNRD1-AS1	HCG8,
ZXF2	NA
